escore,length,pvalue,signature,type
-0.868903062319,12,0.001,INTEGRATOR_COMPLEX,CC
-0.865951169607,14,0.001,MEDIATOR_COMPLEX,CC
-0.832020866693,11,0.001,ORGANELLAR_SMALL_RIBOSOMAL_SUBUNIT,CC
-0.832020866693,11,0.001,MITOCHONDRIAL_SMALL_RIBOSOMAL_SUBUNIT,CC
-0.832020866693,11,0.001,SMALL_RIBOSOMAL_SUBUNIT,CC
-0.804312416785,20,0.001,ORGANELLAR_RIBOSOME,CC
-0.804312416785,20,0.001,MITOCHONDRIAL_RIBOSOME,CC
-0.786078915698,18,0.001,RIBOSOMAL_SUBUNIT,CC
-0.781976949528,8,0.001,RNA_ELONGATION,BP
-0.781324306879,15,0.001,RRNA_PROCESSING,BP
-0.781324306879,15,0.001,RRNA_METABOLIC_PROCESS,BP
-0.772679546646,9,0.001,TRANSCRIPTION_FACTOR_TFIID_COMPLEX,CC
-0.763777516417,20,0.001,SMALL_NUCLEAR_RIBONUCLEOPROTEIN_COMPLEX,CC
-0.742588770486,11,0.001,ANDROGEN_RECEPTOR_SIGNALING_PATHWAY,BP
-0.730804684115,34,0.001,RIBOSOME,CC
-0.730705296573,53,0.001,DNA_DIRECTED_RNA_POLYMERASEII_HOLOENZYME,CC
-0.71623584406,18,0.001,NUCLEOLAR_PART,CC
-0.701190513722,10,0.001,DNA_INTEGRITY_CHECKPOINT,BP
-0.700262679059,15,0.001,INTRACELLULAR_RECEPTOR_MEDIATED_SIGNALING_PATHWAY,BP
-0.700262679059,15,0.001,STEROID_HORMONE_RECEPTOR_SIGNALING_PATHWAY,BP
-0.692583456683,23,0.001,TRANSCRIPTION_INITIATION_FROM_RNA_POLYMERASE_II_PROMOTER,BP
-0.670018762603,18,0.001,RIBOSOME_BIOGENESIS_AND_ASSEMBLY,BP
-0.656966132565,15,0.001,CHROMATIN_REMODELING,BP
-0.613017940187,29,0.001,POSITIVE_REGULATION_OF_TRANSCRIPTION_FROM_RNA_POLYMERASE_II_PROMOTER,BP
-0.611352781396,20,0.001,SPLICEOSOME_ASSEMBLY,BP
-0.606399994548,33,0.001,RNA_SPLICINGVIA_TRANSESTERIFICATION_REACTIONS,BP
-0.606302292914,27,0.001,TRANSCRIPTION_INITIATION,BP
-0.605563805338,142,0.001,NUCLEOPLASM_PART,CC
-0.604418561506,22,0.001,MITOCHONDRIAL_RESPIRATORY_CHAIN,CC
-0.595768123538,29,0.001,NUCLEAR_PORE,CC
-0.595061911966,22,0.001,GOLGI_ASSOCIATED_VESICLE,CC
-0.582607170526,76,0.001,RIBONUCLEOPROTEIN_COMPLEX_BIOGENESIS_AND_ASSEMBLY,BP
-0.571333798753,56,0.001,TRANSCRIPTION_FACTOR_COMPLEX,CC
-0.569336793913,31,0.001,TRANSLATIONAL_INITIATION,BP
-0.561694900413,125,0.001,RIBONUCLEOPROTEIN_COMPLEX,CC
-0.554086819492,270,0.001,NUCLEAR_LUMEN,CC
-0.545365766721,190,0.001,NUCLEOPLASM,CC
-0.544907051992,58,0.001,PROTEIN_RNA_COMPLEX_ASSEMBLY,BP
-0.543620063392,35,0.001,citrullination,PTM
-0.537870164186,84,0.001,RNA_SPLICING,BP
-0.535840871381,42,0.001,MITOCHONDRIAL_MATRIX,CC
-0.535840871381,42,0.001,MITOCHONDRIAL_LUMEN,CC
-0.535370055146,34,0.001,PROTEIN_DNA_COMPLEX_ASSEMBLY,BP
-0.533641414191,44,0.001,SPLICEOSOME,CC
-0.53038004116,124,0.001,REGULATION_OF_TRANSCRIPTION_FROM_RNA_POLYMERASE_II_PROMOTER,BP
-0.529806910305,329,0.001,MEMBRANE_ENCLOSED_LUMEN,CC
-0.529806910305,329,0.001,ORGANELLE_LUMEN,CC
-0.527519075474,157,0.001,RNA_PROCESSING,BP
-0.523795093076,44,0.001,MITOCHONDRIAL_MEMBRANE_PART,CC
-0.515252156801,205,0.001,TRANSCRIPTION_FROM_RNA_POLYMERASE_II_PROMOTER,BP
-0.505374314715,67,0.001,MRNA_PROCESSING_GO_0006397,BP
-0.503715640985,407,0.001,NUCLEAR_PART,CC
-0.491753828938,95,0.001,NUCLEOLUS,CC
-0.484819619699,53,0.001,MITOCHONDRIAL_INNER_MEMBRANE,CC
-0.471222854288,76,0.001,MRNA_METABOLIC_PROCESS,BP
-0.462782118226,121,0.001,TRANSLATION,BP
-0.456272478692,44,0.001,ENDOPLASMIC_RETICULUM_MEMBRANE,CC
-0.446899687975,634,0.001,MACROMOLECULAR_COMPLEX,CC
-0.439542308601,479,0.001,RNA_METABOLIC_PROCESS,BP
-0.433811079585,70,0.001,MITOCHONDRIAL_MEMBRANE,CC
-0.428788351163,296,0.001,RNA_BIOSYNTHETIC_PROCESS,BP
-0.428526980919,66,0.001,POSITIVE_REGULATION_OF_TRANSCRIPTION,BP
-0.427457277265,294,0.001,TRANSCRIPTION_DNA_DEPENDENT,BP
-0.421870531378,60,0.001,POSITIVE_REGULATION_OF_RNA_METABOLIC_PROCESS,BP
-0.418496450266,523,0.001,PROTEIN_COMPLEX,CC
-0.413134558335,121,0.001,MITOCHONDRIAL_PART,CC
-0.413043465821,801,0.001,INTRACELLULAR_ORGANELLE_PART,CC
-0.413043465821,801,0.001,ORGANELLE_PART,CC
-0.409377132991,172,0.001,MACROMOLECULE_BIOSYNTHETIC_PROCESS,BP
-0.406927721359,70,0.001,POSITIVE_REGULATION_OF_NUCLEOBASENUCLEOSIDENUCLEOTIDE_AND_NUCLEIC_ACID_METABOLIC_PROCESS,BP
-0.394786653732,214,0.001,REGULATION_OF_RNA_METABOLIC_PROCESS,BP
-0.392241018041,206,0.001,REGULATION_OF_TRANSCRIPTIONDNA_DEPENDENT,BP
-0.388404486519,348,0.001,TRANSCRIPTION,BP
-0.382000344497,203,0.001,ORGANELLE_MEMBRANE,CC
-0.378227320114,867,0.001,NUCLEUS,CC
-0.366207005572,701,0.001,NUCLEOBASENUCLEOSIDENUCLEOTIDE_AND_NUCLEIC_ACID_METABOLIC_PROCESS,BP
-0.359642638613,193,0.001,MACROMOLECULAR_COMPLEX_ASSEMBLY,BP
-0.342306416936,202,0.001,CELLULAR_COMPONENT_ASSEMBLY,BP
-0.339575069381,880,0.001,BIOPOLYMER_METABOLIC_PROCESS,BP
-0.338961577067,251,0.001,REGULATION_OF_TRANSCRIPTION,BP
-0.334339017969,282,0.001,REGULATION_OF_NUCLEOBASENUCLEOSIDENUCLEOTIDE_AND_NUCLEIC_ACID_METABOLIC_PROCESS,BP
-0.332238098574,306,0.001,REGULATION_OF_GENE_EXPRESSION,BP
-0.308022103833,373,0.001,REGULATION_OF_METABOLIC_PROCESS,BP
-0.306123715499,369,0.001,REGULATION_OF_CELLULAR_METABOLIC_PROCESS,BP
-0.212135435361,2539,0.001,acetylation,PTM
0.251150358802,567,0.001,SIGNAL_TRANSDUCTION,BP
0.257133519967,509,0.001,MEMBRANE_PART,CC
0.265501338529,663,0.001,MEMBRANE,CC
0.306596630007,192,0.001,CELL_PROLIFERATION_GO_0008283,BP
0.309014365208,212,0.001,CYTOSKELETON,CC
0.32013227132,256,0.001,RESPONSE_TO_STRESS,BP
0.326337872222,320,0.001,INTEGRAL_TO_MEMBRANE,CC
0.327143758483,323,0.001,INTRINSIC_TO_MEMBRANE,CC
0.332265740287,159,0.001,REGULATION_OF_BIOLOGICAL_QUALITY,BP
0.34900547455,255,0.001,lipoprotein,PTM
0.375582442411,122,0.001,SYSTEM_PROCESS,BP
0.388358697186,87,0.001,prenylation,PTM
0.401093598717,334,0.001,MULTICELLULAR_ORGANISMAL_DEVELOPMENT,BP
0.402159394212,126,0.001,ANATOMICAL_STRUCTURE_MORPHOGENESIS,BP
0.419783595953,327,0.001,ANATOMICAL_STRUCTURE_DEVELOPMENT,BP
0.421222356123,371,0.001,PLASMA_MEMBRANE,CC
0.427478524584,275,0.001,SYSTEM_DEVELOPMENT,BP
0.437500182975,68,0.001,AMINE_METABOLIC_PROCESS,BP
0.440329443813,113,0.001,IMMUNE_SYSTEM_PROCESS,BP
0.444413298654,104,0.001,ORGANIC_ACID_METABOLIC_PROCESS,BP
0.447417087816,102,0.001,CARBOXYLIC_ACID_METABOLIC_PROCESS,BP
0.449556468334,266,0.001,PLASMA_MEMBRANE_PART,CC
0.453865442075,49,0.001,ALCOHOL_METABOLIC_PROCESS,BP
0.460665199167,59,0.001,AMINO_ACID_AND_DERIVATIVE_METABOLIC_PROCESS,BP
0.461574131218,80,0.001,NITROGEN_COMPOUND_METABOLIC_PROCESS,BP
0.470269004549,194,0.001,ORGAN_DEVELOPMENT,BP
0.472686013234,195,0.001,INTEGRAL_TO_PLASMA_MEMBRANE,CC
0.472686013234,195,0.001,INTRINSIC_TO_PLASMA_MEMBRANE,CC
0.484877434991,71,0.001,IMMUNE_RESPONSE,BP
0.488726068499,45,0.001,REGULATION_OF_MULTICELLULAR_ORGANISMAL_PROCESS,BP
0.493753423777,73,0.001,zymogen,PTM
0.505858454128,39,0.001,MUSCLE_DEVELOPMENT,BP
0.511856226586,903,0.001,glycoprotein,PTM
0.521593678458,41,0.001,MONOCARBOXYLIC_ACID_METABOLIC_PROCESS,BP
0.526322304969,82,0.001,EXTRACELLULAR_SPACE,CC
0.529907150041,107,0.001,RESPONSE_TO_EXTERNAL_STIMULUS,BP
0.530033517362,51,0.001,ORGAN_MORPHOGENESIS,BP
0.538597107628,34,0.001,FATTY_ACID_METABOLIC_PROCESS,BP
0.54240474604,59,0.001,cleavage_on_pair_of_basic_residues,PTM
0.55554496106,30,0.001,BEHAVIOR,BP
0.556801459008,29,0.001,CELL_SURFACE,CC
0.561313300046,41,0.001,CELL_MIGRATION,BP
0.567481380035,24,0.001,CELL_SUBSTRATE_ADHESION,BP
0.567603984381,25,0.001,NUCLEOTIDE_METABOLIC_PROCESS,BP
0.573824571576,48,0.001,INFLAMMATORY_RESPONSE,BP
0.574157836319,20,0.001,ANGIOGENESIS,BP
0.585152052307,85,0.001,DEFENSE_RESPONSE,BP
0.593424495079,78,0.001,RESPONSE_TO_WOUNDING,BP
0.597692985468,137,0.001,EXTRACELLULAR_REGION_PART,CC
0.600879397772,31,0.001,CELL_CELL_ADHESION,BP
0.606424098149,691,0.001,disulfide_bond,PTM
0.614459627196,18,0.001,RECEPTOR_COMPLEX,CC
0.615370502928,51,0.001,hydroxylation,PTM
0.622335030385,174,0.001,EXTRACELLULAR_REGION,CC
0.628661476842,48,0.001,TISSUE_DEVELOPMENT,BP
0.639415483866,29,0.001,proteoglycan,PTM
0.659634482604,35,0.001,ECTODERM_DEVELOPMENT,BP
0.659730550389,16,0.001,CARBOXYLIC_ACID_TRANSPORT,BP
0.659922691356,33,0.001,pyrrolidone_carboxylic_acid,PTM
0.664312366075,27,0.001,REGULATION_OF_BODY_FLUID_LEVELS,BP
0.664862666824,22,0.001,PROTEIN_OLIGOMERIZATION,BP
0.666392098704,33,0.001,EPIDERMIS_DEVELOPMENT,BP
0.667858022143,13,0.001,CELLULAR_DEFENSE_RESPONSE,BP
0.672101778763,32,0.001,SKELETAL_DEVELOPMENT,BP
0.675931145049,28,0.001,WOUND_HEALING,BP
0.675984127504,19,0.001,AROMATIC_COMPOUND_METABOLIC_PROCESS,BP
0.678703265836,24,0.001,gpi_anchor,PTM
0.686978773125,25,0.001,COAGULATION,BP
0.686978773125,25,0.001,BLOOD_COAGULATION,BP
0.690919387344,36,0.001,EXTRACELLULAR_MATRIX_PART,CC
0.696927612704,15,0.001,oxidation,PTM
0.698697224799,26,0.001,HEMOSTASIS,BP
0.704693321435,12,0.001,PROTEIN_HOMOOLIGOMERIZATION,BP
0.707960326068,11,0.001,gamma_carboxyglutamic_acid,PTM
0.713764197778,59,0.001,EXTRACELLULAR_MATRIX,CC
0.716350811331,58,0.001,PROTEINACEOUS_EXTRACELLULAR_MATRIX,CC
0.722695163727,12,0.001,INTEGRIN_COMPLEX,CC
0.732905128664,12,0.001,INTERMEDIATE_FILAMENT_CYTOSKELETON,CC
0.732905128664,12,0.001,INTERMEDIATE_FILAMENT,CC
0.736325585975,12,0.001,AMINO_ACID_DERIVATIVE_METABOLIC_PROCESS,BP
0.741285994582,10,0.001,ANION_TRANSPORT,BP
0.745777069455,17,0.001,sulfation,PTM
0.792942383798,16,0.001,COLLAGEN,CC
0.795211447516,6,0.001,DNA_DAMAGE_RESPONSESIGNAL_TRANSDUCTION_RESULTING_IN_INDUCTION_OF_APOPTOSIS,BP
0.813410660377,6,0.001,MORPHOGENESIS_OF_AN_EPITHELIUM,BP
0.831667341478,10,0.001,ACUTE_INFLAMMATORY_RESPONSE,BP
0.844856617638,8,0.001,ICOSANOID_METABOLIC_PROCESS,BP
0.869348818945,7,0.001,BIOGENIC_AMINE_METABOLIC_PROCESS,BP
0.874854864276,6,0.001,REGULATION_OF_PEPTIDYL_TYROSINE_PHOSPHORYLATION,BP
0.903777721887,4,0.001,NEUTRAL_AMINO_ACID_TRANSPORT,BP
0.920399705882,4,0.001,LEARNING_AND_OR_MEMORY,BP
0.934453719074,3,0.001,REGULATION_OF_AXONOGENESIS,BP
-0.671774793976,12,0.002,MRNA_SPLICE_SITE_SELECTION,BP
-0.63313886961,13,0.002,MITOCHONDRIAL_RESPIRATORY_CHAIN_COMPLEX_I,CC
-0.586319268169,22,0.002,PROTEASOME_COMPLEX,CC
-0.571278322158,21,0.002,CELLULAR_PROTEIN_COMPLEX_ASSEMBLY,BP
-0.503440869332,41,0.002,PROTEIN_CATABOLIC_PROCESS,BP
-0.499987016783,37,0.002,CELLULAR_PROTEIN_CATABOLIC_PROCESS,BP
-0.403354763905,77,0.002,CHROMOSOME_ORGANIZATION_AND_BIOGENESIS,BP
-0.275758117885,391,0.002,NON_MEMBRANE_BOUND_ORGANELLE,CC
0.345426161316,116,0.002,PROTEIN_AMINO_ACID_PHOSPHORYLATION,BP
0.457815978713,38,0.002,ELECTRON_TRANSPORT_GO_0006118,BP
0.457950896602,40,0.002,RESPONSE_TO_BIOTIC_STIMULUS,BP
0.533245830032,25,0.002,POSITIVE_REGULATION_OF_HYDROLASE_ACTIVITY,BP
0.56880622059,22,0.002,REGULATION_OF_RESPONSE_TO_STIMULUS,BP
0.576699927675,20,0.002,HETEROCYCLE_METABOLIC_PROCESS,BP
0.607881364317,16,0.002,POSITIVE_REGULATION_OF_RESPONSE_TO_STIMULUS,BP
0.621608681959,15,0.002,LIPID_RAFT,CC
0.672732226146,12,0.002,PEPTIDYL_TYROSINE_PHOSPHORYLATION,BP
0.674996797907,11,0.002,PHAGOCYTOSIS,BP
0.704748212466,9,0.002,TISSUE_REMODELING,BP
0.737005623486,10,0.002,PROTEIN_TETRAMERIZATION,BP
0.801346390083,6,0.002,CALCIUM_MEDIATED_SIGNALING,BP
-0.885107598088,4,0.003,OVULATION_CYCLE,BP
-0.648064253369,12,0.003,INTRA_GOLGI_VESICLE_MEDIATED_TRANSPORT,BP
-0.46298315188,41,0.003,NUCLEAR_MEMBRANE,CC
-0.438565944978,51,0.003,NUCLEAR_ENVELOPE_ENDOPLASMIC_RETICULUM_NETWORK,CC
-0.33741719898,154,0.003,DNA_METABOLIC_PROCESS,BP
-0.275758117885,391,0.003,INTRACELLULAR_NON_MEMBRANE_BOUND_ORGANELLE,CC
0.462584444092,35,0.003,CELLULAR_HOMEOSTASIS,BP
0.468589195369,36,0.003,APOPTOTIC_PROGRAM,BP
0.469146813108,38,0.003,REGULATION_OF_HYDROLASE_ACTIVITY,BP
0.509885428446,25,0.003,CELLULAR_CATION_HOMEOSTASIS,BP
0.599995933633,17,0.003,NITROGEN_COMPOUND_BIOSYNTHETIC_PROCESS,BP
0.659730550389,16,0.003,ORGANIC_ACID_TRANSPORT,BP
0.674047037703,11,0.003,REGULATION_OF_PROTEIN_AMINO_ACID_PHOSPHORYLATION,BP
0.735718005343,10,0.003,FATTY_ACID_BIOSYNTHETIC_PROCESS,BP
-0.537184052783,23,0.004,REGULATION_OF_TRANSLATIONAL_INITIATION,BP
-0.478044838987,43,0.004,GOLGI_VESICLE_TRANSPORT,BP
-0.41783261048,58,0.004,POSITIVE_REGULATION_OF_TRANSCRIPTIONDNA_DEPENDENT,BP
-0.397466459868,66,0.004,GOLGI_APPARATUS_PART,CC
0.346592722822,101,0.004,NEGATIVE_REGULATION_OF_DEVELOPMENTAL_PROCESS,BP
0.464240835949,34,0.004,nitration,PTM
0.588637006545,17,0.004,REGULATION_OF_TRANSCRIPTION_FACTOR_ACTIVITY,BP
0.667436609342,11,0.004,GLUTAMINE_FAMILY_AMINO_ACID_METABOLIC_PROCESS,BP
0.672732226146,12,0.004,PEPTIDYL_TYROSINE_MODIFICATION,BP
-0.767509622053,9,0.005,EUKARYOTIC_TRANSLATION_INITIATION_FACTOR_3_COMPLEX,CC
-0.687830240436,12,0.005,PROTON_TRANSPORTING_TWO_SECTOR_ATPASE_COMPLEX,CC
-0.598881728197,16,0.005,NUCLEOTIDE_EXCISION_REPAIR,BP
-0.485806976201,33,0.005,PORE_COMPLEX,CC
-0.463648456566,35,0.005,CHROMATIN_MODIFICATION,BP
-0.333825930339,133,0.005,ENVELOPE,CC
-0.333825930339,133,0.005,ORGANELLE_ENVELOPE,CC
-0.333358295444,140,0.005,ENDOMEMBRANE_SYSTEM,CC
0.529855738005,20,0.005,CELL_ACTIVATION,BP
0.548314952755,18,0.005,IMMUNE_EFFECTOR_PROCESS,BP
0.548550613526,23,0.005,CELL_MATRIX_ADHESION,BP
0.632991242827,13,0.005,autocatalytic,PTM
0.679919062344,11,0.005,CELL_STRUCTURE_DISASSEMBLY_DURING_APOPTOSIS,BP
0.719728792411,8,0.005,MYOBLAST_DIFFERENTIATION,BP
-0.701190513722,10,0.006,DNA_DAMAGE_CHECKPOINT,BP
-0.629446197398,13,0.006,INTEGRAL_TO_ENDOPLASMIC_RETICULUM_MEMBRANE,CC
-0.471435770456,36,0.006,NUCLEAR_MEMBRANE_PART,CC
0.279146416691,199,0.006,CELL_FRACTION,CC
0.290722855274,184,0.006,REGULATION_OF_APOPTOSIS,BP
0.527065115454,21,0.006,REGULATION_OF_PROTEIN_MODIFICATION_PROCESS,BP
0.604536159147,14,0.006,REGULATION_OF_IMMUNE_RESPONSE,BP
0.686849637141,9,0.006,INSOLUBLE_FRACTION,CC
0.710578067519,8,0.006,LEUKOCYTE_MIGRATION,BP
0.871862821512,3,0.006,CELL_RECOGNITION,BP
-0.63313886961,13,0.007,NADH_DEHYDROGENASE_COMPLEX,CC
-0.398835817558,52,0.007,NEGATIVE_REGULATION_OF_RNA_METABOLIC_PROCESS,BP
0.290722855274,184,0.007,REGULATION_OF_PROGRAMMED_CELL_DEATH,BP
0.321791331598,141,0.007,LIPID_METABOLIC_PROCESS,BP
0.700752475518,9,0.007,DNA_FRAGMENTATION_DURING_APOPTOSIS,BP
0.76079859945,6,0.007,TUBE_MORPHOGENESIS,BP
-0.793679114866,6,0.008,U12_DEPENDENT_SPLICEOSOME,CC
-0.629446197398,13,0.008,INTRINSIC_TO_ENDOPLASMIC_RETICULUM_MEMBRANE,CC
0.308858180799,136,0.008,PHOSPHORYLATION,BP
0.336898981163,87,0.008,NEGATIVE_REGULATION_OF_PROGRAMMED_CELL_DEATH,BP
0.401696982535,49,0.008,AMINO_ACID_METABOLIC_PROCESS,BP
0.410543065715,49,0.008,POSITIVE_REGULATION_OF_CELL_PROLIFERATION,BP
0.521821938884,22,0.008,BASEMENT_MEMBRANE,CC
0.76079859945,6,0.008,TUBE_DEVELOPMENT,BP
-0.579080085558,15,0.009,COATED_VESICLE_MEMBRANE,CC
-0.400377185306,58,0.009,ORGANELLE_INNER_MEMBRANE,CC
0.268953009344,213,0.009,REGULATION_OF_DEVELOPMENTAL_PROCESS,BP
0.345741069317,104,0.009,REGULATION_OF_CELL_PROLIFERATION,BP
0.373876873073,65,0.009,POSITIVE_REGULATION_OF_SIGNAL_TRANSDUCTION,BP
0.479537990869,33,0.009,NUCLEOBASENUCLEOSIDE_AND_NUCLEOTIDE_METABOLIC_PROCESS,BP
0.604536159147,14,0.009,POSITIVE_REGULATION_OF_IMMUNE_RESPONSE,BP
0.646039427814,10,0.009,ACTIVATION_OF_IMMUNE_RESPONSE,BP
0.658805294912,10,0.009,AXONOGENESIS,BP
0.663658197468,9,0.009,NUCLEOTIDE_BIOSYNTHETIC_PROCESS,BP
0.79837829409,5,0.009,INORGANIC_ANION_TRANSPORT,BP
-0.583873448053,15,0.01,BRAIN_DEVELOPMENT,BP
-0.567586177972,16,0.01,MEMBRANE_COAT,CC
-0.486891634844,27,0.01,MICROTUBULE_ORGANIZING_CENTER,CC
-0.329415103321,104,0.01,RESPONSE_TO_ENDOGENOUS_STIMULUS,BP
0.479475858212,26,0.01,REGULATION_OF_IMMUNE_SYSTEM_PROCESS,BP
0.488961298407,27,0.01,CATION_HOMEOSTASIS,BP
0.508403722931,25,0.01,POSITIVE_REGULATION_OF_MULTICELLULAR_ORGANISMAL_PROCESS,BP
0.706633462491,7,0.01,NEGATIVE_REGULATION_OF_HYDROLASE_ACTIVITY,BP
0.750294453675,7,0.01,INNATE_IMMUNE_RESPONSE,BP
0.782985482127,5,0.01,POSITIVE_REGULATION_OF_EPITHELIAL_CELL_PROLIFERATION,BP
0.800680064786,5,0.01,KERATINOCYTE_DIFFERENTIATION,BP
0.811194262551,4,0.01,POSITIVE_REGULATION_OF_CELL_CYCLE,BP
-0.63313886961,13,0.011,RESPIRATORY_CHAIN_COMPLEX_I,CC
-0.510455825697,23,0.011,CELL_CYCLE_CHECKPOINT_GO_0000075,BP
0.478911039132,31,0.011,ION_HOMEOSTASIS,BP
0.894159815331,3,0.011,REGULATION_OF_TYROSINE_PHOSPHORYLATION_OF_STAT_PROTEIN,BP
-0.682933790309,9,0.012,RESPONSE_TO_HEAT,BP
-0.542264714656,17,0.012,CHROMOSOMEPERICENTRIC_REGION,CC
-0.380639016673,62,0.012,DNA_REPLICATION,BP
-0.348836388425,80,0.012,MITOCHONDRIAL_ENVELOPE,CC
-0.332858714303,88,0.012,NEGATIVE_REGULATION_OF_NUCLEOBASENUCLEOSIDENUCLEOTIDE_AND_NUCLEIC_ACID_METABOLIC_PROCESS,BP
0.323775549196,102,0.012,REGULATION_OF_SIGNAL_TRANSDUCTION,BP
0.631302484204,12,0.012,AMINO_ACID_TRANSPORT,BP
-0.592544435726,12,0.013,DNA_DIRECTED_RNA_POLYMERASE_COMPLEX,CC
-0.578203810928,14,0.013,HISTONE_DEACETYLASE_COMPLEX,CC
-0.567586177972,16,0.013,COATED_MEMBRANE,CC
-0.407509536612,52,0.013,SECRETORY_PATHWAY,BP
0.336898981163,87,0.013,NEGATIVE_REGULATION_OF_APOPTOSIS,BP
0.509360457347,24,0.013,VASCULATURE_DEVELOPMENT,BP
0.670059641522,10,0.013,MUSCLE_CELL_DIFFERENTIATION,BP
0.690298622184,8,0.013,VITAMIN_METABOLIC_PROCESS,BP
0.707138529747,7,0.013,DYSTROPHIN_ASSOCIATED_GLYCOPROTEIN_COMPLEX,CC
0.732142635563,7,0.013,APOPTOTIC_MITOCHONDRIAL_CHANGES,BP
-0.772121902715,5,0.014,DEVELOPMENT_OF_PRIMARY_SEXUAL_CHARACTERISTICS,BP
-0.718427256229,7,0.014,RESPONSE_TO_CARBOHYDRATE_STIMULUS,BP
-0.62319263904,11,0.014,CELLULAR_RESPONSE_TO_STIMULUS,BP
-0.619608893666,10,0.014,RNA_3END_PROCESSING,BP
-0.61058530174,12,0.014,MEIOTIC_CELL_CYCLE,BP
0.497964944425,21,0.014,REGULATION_OF_DNA_BINDING,BP
0.680899879184,8,0.014,AMINE_BIOSYNTHETIC_PROCESS,BP
-0.592544435726,12,0.015,NUCLEAR_DNA_DIRECTED_RNA_POLYMERASE_COMPLEX,CC
-0.356459880926,72,0.015,DNA_REPAIR,BP
0.512508149555,22,0.015,POSITIVE_REGULATION_OF_IMMUNE_SYSTEM_PROCESS,BP
0.555245673831,15,0.015,CYTOSOLIC_PART,CC
0.641347677525,10,0.015,glycation,PTM
0.781260699288,5,0.015,TYROSINE_PHOSPHORYLATION_OF_STAT_PROTEIN,BP
-0.390630139767,51,0.016,NEGATIVE_REGULATION_OF_TRANSCRIPTION_DNA_DEPENDENT,BP
-0.349055404608,72,0.016,CHROMOSOME,CC
0.736298555866,6,0.016,REGULATION_OF_GENE_SPECIFIC_TRANSCRIPTION,BP
0.857521434139,3,0.016,VITAMIN_TRANSPORT,BP
-0.6460186776,10,0.017,GLIOGENESIS,BP
0.704316848789,6,0.017,NEGATIVE_REGULATION_OF_PHOSPHATE_METABOLIC_PROCESS,BP
0.785350913053,5,0.017,LEUKOCYTE_CHEMOTAXIS,BP
0.811527215469,4,0.017,POSITIVE_REGULATION_OF_CYTOKINE_SECRETION,BP
-0.579080085558,15,0.018,VESICLE_COAT,CC
-0.47488851529,24,0.018,CENTROSOME,CC
0.284617997661,140,0.018,CYTOSKELETON_ORGANIZATION_AND_BIOGENESIS,BP
0.590135288815,13,0.018,HETEROGENEOUS_NUCLEAR_RIBONUCLEOPROTEIN_COMPLEX,CC
0.65827289408,8,0.018,ACTIVATION_OF_NF_KAPPAB_TRANSCRIPTION_FACTOR,BP
0.734955743051,6,0.018,REGULATION_OF_CYTOKINE_SECRETION,BP
0.77771981748,5,0.018,AMINO_ACID_DERIVATIVE_BIOSYNTHETIC_PROCESS,BP
0.934538653367,2,0.018,HETEROPHILIC_CELL_ADHESION,BP
-0.400791500389,48,0.019,ESTABLISHMENT_AND_OR_MAINTENANCE_OF_CHROMATIN_ARCHITECTURE,BP
-0.336086230548,76,0.019,NEGATIVE_REGULATION_OF_TRANSCRIPTION,BP
0.551977198313,16,0.019,NUCLEAR_ORGANIZATION_AND_BIOGENESIS,BP
-0.486101686335,22,0.02,VESICLE_MEMBRANE,CC
-0.382756135569,52,0.02,ENDOPLASMIC_RETICULUM_PART,CC
0.262635717874,210,0.02,POST_TRANSLATIONAL_PROTEIN_MODIFICATION,BP
0.339768400158,79,0.02,GENERATION_OF_PRECURSOR_METABOLITES_AND_ENERGY,BP
0.526215965192,15,0.02,CELL_DIVISION,BP
-0.728783799982,6,0.021,ESTABLISHMENT_OF_VESICLE_LOCALIZATION,BP
-0.592544435726,12,0.021,RNA_POLYMERASE_COMPLEX,CC
0.493506775935,21,0.021,NEURON_DEVELOPMENT,BP
0.584298772288,11,0.021,T_CELL_ACTIVATION,BP
0.623938614835,10,0.021,HUMORAL_IMMUNE_RESPONSE,BP
0.664241958289,8,0.021,BONE_REMODELING,BP
0.748146568165,5,0.021,PEPTIDE_METABOLIC_PROCESS,BP
-0.728783799982,6,0.022,VESICLE_LOCALIZATION,BP
-0.476387015876,24,0.022,INTEGRAL_TO_ORGANELLE_MEMBRANE,CC
0.291452465995,117,0.022,RESPONSE_TO_CHEMICAL_STIMULUS,BP
0.798798995849,4,0.022,COFACTOR_TRANSPORT,BP
-0.487914509038,22,0.023,NUCLEAR_BODY,CC
0.970079476391,1,0.024,SYNAPTOGENESIS,BP
-0.531131118983,18,0.025,PHOSPHOINOSITIDE_METABOLIC_PROCESS,BP
-0.486101686335,22,0.025,CYTOPLASMIC_VESICLE_PART,CC
0.399292486844,40,0.025,SENSORY_PERCEPTION,BP
0.50781671202,18,0.025,REGULATION_OF_CELL_MIGRATION,BP
0.634130933954,9,0.025,POSITIVE_REGULATION_OF_TRANSCRIPTION_FACTOR_ACTIVITY,BP
0.659789158634,8,0.026,LIPID_HOMEOSTASIS,BP
0.391126654537,33,0.027,LEADING_EDGE,CC
0.476883655533,21,0.027,REGULATION_OF_CELL_ADHESION,BP
0.701358922499,6,0.027,RESPONSE_TO_BACTERIUM,BP
0.728881009791,5,0.027,NEGATIVE_REGULATION_OF_ANGIOGENESIS,BP
0.732635825716,5,0.027,REGULATION_OF_HOMEOSTATIC_PROCESS,BP
0.738978261746,5,0.027,NEGATIVE_REGULATION_OF_PHOSPHORYLATION,BP
-0.486101686335,22,0.028,CYTOPLASMIC_VESICLE_MEMBRANE,CC
-0.472783649215,22,0.028,GLYCEROPHOSPHOLIPID_METABOLIC_PROCESS,BP
0.477121565752,19,0.028,REGULATION_OF_PHOSPHORYLATION,BP
0.48998400311,18,0.028,AMINE_CATABOLIC_PROCESS,BP
0.751951025594,5,0.028,DEFENSE_RESPONSE_TO_BACTERIUM,BP
0.343498534423,56,0.029,NEGATIVE_REGULATION_OF_CELL_PROLIFERATION,BP
0.629017160686,8,0.029,FATTY_ACID_BETA_OXIDATION,BP
0.716818319812,6,0.029,REGULATION_OF_MUSCLE_CONTRACTION,BP
0.352805238478,53,0.03,POSITIVE_REGULATION_OF_I_KAPPAB_KINASE_NF_KAPPAB_CASCADE,BP
0.794099101367,4,0.03,TPQ,PTM
-0.647287165779,8,0.031,OLIGOSACCHARYL_TRANSFERASE_COMPLEX,CC
-0.5911655245,10,0.031,MACROMOLECULAR_COMPLEX_DISASSEMBLY,BP
-0.472215736165,21,0.031,CONDENSED_CHROMOSOME,CC
-0.467614227355,21,0.031,PHOSPHOLIPID_BIOSYNTHETIC_PROCESS,BP
0.345625436281,55,0.031,REGULATION_OF_I_KAPPAB_KINASE_NF_KAPPAB_CASCADE,BP
0.41393863962,32,0.031,PEPTIDYL_AMINO_ACID_MODIFICATION,BP
0.597966124997,10,0.031,REGULATION_OF_ANGIOGENESIS,BP
0.673327842942,7,0.031,REGULATION_OF_BLOOD_PRESSURE,BP
0.309455241613,84,0.032,ACTIN_CYTOSKELETON,CC
0.320859551805,72,0.032,ANTI_APOPTOSIS,BP
0.430305888201,25,0.032,NEURON_DIFFERENTIATION,BP
0.453096699442,23,0.032,ANATOMICAL_STRUCTURE_FORMATION,BP
0.524886061735,15,0.032,LYMPHOCYTE_ACTIVATION,BP
-0.702347891263,6,0.033,NUCLEAR_SPECK,CC
-0.560252608312,13,0.033,REGULATION_OF_PROTEIN_STABILITY,BP
-0.532574298464,12,0.033,RESPONSE_TO_TEMPERATURE_STIMULUS,BP
-0.467614227355,21,0.033,MEMBRANE_LIPID_BIOSYNTHETIC_PROCESS,BP
-0.34857774777,56,0.033,M_PHASE,BP
-0.317579389951,87,0.033,RESPONSE_TO_DNA_DAMAGE_STIMULUS,BP
0.370046102344,44,0.033,CHEMICAL_HOMEOSTASIS,BP
0.486732589622,17,0.033,LEUKOCYTE_ACTIVATION,BP
0.513330221176,16,0.033,LIPID_TRANSPORT,BP
0.587199399002,11,0.033,REGULATION_OF_SECRETION,BP
0.683249134618,6,0.033,POSITIVE_REGULATION_OF_SECRETION,BP
0.828720382964,3,0.033,POSITIVE_REGULATION_OF_PEPTIDYL_TYROSINE_PHOSPHORYLATION,BP
0.881234413965,2,0.033,MONOCARBOXYLIC_ACID_TRANSPORT,BP
0.887635404247,2,0.033,REGULATION_OF_RESPONSE_TO_EXTERNAL_STIMULUS,BP
-0.880197548495,2,0.034,BODY_FLUID_SECRETION,BP
-0.465647284563,20,0.034,ORGANELLE_OUTER_MEMBRANE,CC
-0.378402709441,45,0.034,REPRODUCTIVE_PROCESS,BP
0.246020121265,229,0.034,APOPTOSIS_GO,BP
0.290661333607,109,0.034,CELLULAR_LIPID_METABOLIC_PROCESS,BP
0.657762750504,7,0.034,POSITIVE_REGULATION_OF_CELL_ADHESION,BP
0.678275046162,6,0.034,ENDOTHELIAL_CELL_MIGRATION,BP
-0.82385322399,3,0.035,INACTIVATION_OF_MAPK_ACTIVITY,BP
0.634669731989,8,0.035,POSITIVE_REGULATION_OF_PHOSPHORYLATION,BP
0.470703118683,20,0.036,RECEPTOR_MEDIATED_ENDOCYTOSIS,BP
0.529601369497,13,0.036,CELLULAR_MORPHOGENESIS_DURING_DIFFERENTIATION,BP
-0.510982593593,15,0.037,CHROMATIN_ASSEMBLY_OR_DISASSEMBLY,BP
0.599464937205,9,0.037,STEROID_BIOSYNTHETIC_PROCESS,BP
-0.465647284563,20,0.039,OUTER_MEMBRANE,CC
-0.429068071246,26,0.039,INTRINSIC_TO_ORGANELLE_MEMBRANE,CC
-0.346905962275,53,0.039,NUCLEAR_ENVELOPE,CC
0.461901038681,21,0.039,RESPONSE_TO_OTHER_ORGANISM,BP
0.462029734794,19,0.039,LOCOMOTORY_BEHAVIOR,BP
0.492492419246,17,0.039,AMINO_ACID_CATABOLIC_PROCESS,BP
0.518994856731,15,0.039,NEURITE_DEVELOPMENT,BP
0.718015356792,5,0.039,REGULATION_OF_HEART_CONTRACTION,BP
0.826717343781,3,0.039,EPITHELIAL_CELL_DIFFERENTIATION,BP
0.878724601665,2,0.039,GLUTAMATE_SIGNALING_PATHWAY,BP
0.512759500675,14,0.04,CONTRACTILE_FIBER,CC
0.512759500675,14,0.04,CONTRACTILE_FIBER_PART,CC
0.523871067356,12,0.04,BASAL_LAMINA,CC
0.527061908228,13,0.04,APOPTOTIC_NUCLEAR_CHANGES,BP
-0.296947573314,99,0.041,POSITIVE_REGULATION_OF_METABOLIC_PROCESS,BP
0.459775051426,20,0.041,RUFFLE,CC
0.545956446593,12,0.041,SULFUR_METABOLIC_PROCESS,BP
-0.717744678177,5,0.042,NUCLEAR_UBIQUITIN_LIGASE_COMPLEX,CC
-0.397716267369,32,0.042,COATED_VESICLE,CC
0.41798545438,26,0.042,RHO_PROTEIN_SIGNAL_TRANSDUCTION,BP
0.558212838819,11,0.042,SKELETAL_MUSCLE_DEVELOPMENT,BP
-0.485134876612,17,0.044,REGULATION_OF_CYCLIN_DEPENDENT_PROTEIN_KINASE_ACTIVITY,BP
0.576901104219,10,0.044,POSITIVE_REGULATION_OF_DNA_BINDING,BP
0.585518721965,10,0.044,POSITIVE_REGULATION_OF_PHOSPHATE_METABOLIC_PROCESS,BP
-0.461023209056,17,0.045,GLYCEROPHOSPHOLIPID_BIOSYNTHETIC_PROCESS,BP
-0.36646774767,43,0.045,REGULATION_OF_TRANSLATION,BP
0.246020121265,229,0.045,PROGRAMMED_CELL_DEATH,BP
0.315925538846,70,0.045,ACTIN_CYTOSKELETON_ORGANIZATION_AND_BIOGENESIS,BP
0.375058034939,40,0.045,s_nitrosylation,PTM
0.455488965043,20,0.045,NITROGEN_COMPOUND_CATABOLIC_PROCESS,BP
0.64830106555,7,0.045,CYTOKINE_SECRETION,BP
0.652160349399,7,0.045,NUCLEAR_CHROMATIN,CC
-0.532314568785,14,0.046,RESPONSE_TO_ORGANIC_SUBSTANCE,BP
-0.523431751742,14,0.046,PHOSPHOINOSITIDE_BIOSYNTHETIC_PROCESS,BP
0.253872756791,198,0.046,methylation,PTM
0.27526670495,131,0.046,CYTOSOL,CC
0.607627109464,8,0.046,POSITIVE_REGULATION_OF_CELL_DIFFERENTIATION,BP
0.232565468592,285,0.047,CELL_DEVELOPMENT,BP
-0.522909713774,13,0.048,AEROBIC_RESPIRATION,BP
-0.508732927861,14,0.048,LIPOPROTEIN_BIOSYNTHETIC_PROCESS,BP
0.324105606207,57,0.048,ENZYME_LINKED_RECEPTOR_PROTEIN_SIGNALING_PATHWAY,BP
0.325629716305,65,0.048,I_KAPPAB_KINASE_NF_KAPPAB_CASCADE,BP
0.326934862631,63,0.048,HOMEOSTATIC_PROCESS,BP
0.337256196822,55,0.048,CELL_PROJECTION,CC
0.545047772856,12,0.048,INDUCTION_OF_APOPTOSIS_BY_INTRACELLULAR_SIGNALS,BP
-0.652184189871,6,0.049,RHYTHMIC_PROCESS,BP
-0.548103302947,11,0.049,CHROMATIN_REMODELING_COMPLEX,CC
-0.413757211969,28,0.049,NEGATIVE_REGULATION_OF_TRANSCRIPTION_FROM_RNA_POLYMERASE_II_PROMOTER,BP
-0.298759652732,98,0.049,POSITIVE_REGULATION_OF_CELLULAR_METABOLIC_PROCESS,BP
-0.580740672275,9,0.05,PROTEIN_COMPLEX_DISASSEMBLY,BP
0.48976991086,14,0.05,PROTEIN_SECRETION,BP
0.562942625457,10,0.05,MITOTIC_SPINDLE_ORGANIZATION_AND_BIOGENESIS,BP
0.626969398455,7,0.05,AGING,BP
-0.568189112219,10,0.051,DNA_DIRECTED_RNA_POLYMERASEII_CORE_COMPLEX,CC
0.503456480557,14,0.051,POSITIVE_REGULATION_OF_CASPASE_ACTIVITY,BP
-0.650531766313,6,0.052,MEIOSIS_I,BP
0.681681369925,5,0.052,REGULATION_OF_JAK_STAT_CASCADE,BP
0.26244139857,139,0.053,CYTOSKELETAL_PART,CC
0.357109957933,37,0.053,COFACTOR_METABOLIC_PROCESS,BP
0.598393107333,9,0.053,REGULATION_OF_PROTEIN_SECRETION,BP
-0.490753219888,15,0.054,KINETOCHORE,CC
-0.432969661114,21,0.054,VIRAL_REPRODUCTION,BP
-0.243646872841,254,0.054,BIOSYNTHETIC_PROCESS,BP
-0.469672250716,16,0.055,LIPOPROTEIN_METABOLIC_PROCESS,BP
-0.632483435561,7,0.056,MONOVALENT_INORGANIC_CATION_TRANSPORT,BP
-0.510328728498,13,0.057,ACTIVATION_OF_PROTEIN_KINASE_ACTIVITY,BP
0.502064691851,13,0.057,CYTOKINESIS,BP
0.531526090274,12,0.057,MYOFIBRIL,CC
0.692790508336,5,0.057,thioester_bond,PTM
-0.580740672275,9,0.058,CELLULAR_PROTEIN_COMPLEX_DISASSEMBLY,BP
-0.452006299059,20,0.058,VIRAL_REPRODUCTIVE_PROCESS,BP
-0.257194014414,191,0.058,CELLULAR_BIOSYNTHETIC_PROCESS,BP
0.462213728045,16,0.058,CELL_CORTEX_PART,CC
0.489986328892,14,0.058,LAMELLIPODIUM,CC
0.843983790524,2,0.058,AXON_GUIDANCE,BP
-0.445424629578,18,0.059,RNA_EXPORT_FROM_NUCLEUS,BP
-0.537639393759,12,0.06,PROTEIN_AMINO_ACID_LIPIDATION,BP
-0.535958723019,10,0.06,INTERACTION_WITH_HOST,BP
0.264097414269,127,0.06,MEMBRANE_FRACTION,CC
0.487669394024,15,0.06,AMINE_TRANSPORT,BP
0.622758074864,6,0.06,POSITIVE_REGULATION_OF_CELL_MIGRATION,BP
-0.239475170885,262,0.061,MITOCHONDRION,CC
0.315740876314,57,0.061,CELLULAR_CARBOHYDRATE_METABOLIC_PROCESS,BP
0.944054854293,1,0.061,POSITIVE_REGULATION_OF_DEFENSE_RESPONSE,BP
-0.313812289907,66,0.062,CELLULAR_MACROMOLECULE_CATABOLIC_PROCESS,BP
-0.943119837931,1,0.063,NEGATIVE_REGULATION_OF_MYELOID_CELL_DIFFERENTIATION,BP
-0.475564737567,16,0.063,CELLULAR_RESPIRATION,BP
-0.269682484621,125,0.063,GOLGI_APPARATUS,CC
0.63821689073,5,0.063,POSITIVE_REGULATION_OF_PROTEIN_SECRETION,BP
-0.30340394234,76,0.064,BIOPOLYMER_CATABOLIC_PROCESS,BP
0.260921719185,139,0.064,CELL_SURFACE_RECEPTOR_LINKED_SIGNAL_TRANSDUCTION_GO_0007166,BP
-0.591753182583,8,0.065,CONDENSED_NUCLEAR_CHROMOSOME,CC
0.530797801238,11,0.065,HEART_DEVELOPMENT,BP
0.539944408757,10,0.065,ADAPTIVE_IMMUNE_RESPONSE_GO_0002460,BP
0.575615516819,8,0.065,NEGATIVE_REGULATION_OF_TRANSCRIPTION_FACTOR_ACTIVITY,BP
0.305256948525,63,0.066,POSITIVE_REGULATION_OF_CATALYTIC_ACTIVITY,BP
0.611964933964,7,0.067,EXTRACELLULAR_STRUCTURE_ORGANIZATION_AND_BIOGENESIS,BP
0.504005623286,11,0.068,REGULATION_OF_ANATOMICAL_STRUCTURE_MORPHOGENESIS,BP
0.507957982779,11,0.068,ADAPTIVE_IMMUNE_RESPONSE,BP
0.516308532788,11,0.068,POSITIVE_REGULATION_OF_PROTEIN_MODIFICATION_PROCESS,BP
0.547219755537,9,0.071,DEVELOPMENTAL_MATURATION,BP
-0.484094039871,14,0.072,REPLICATION_FORK,CC
-0.382694403419,32,0.072,DNA_DEPENDENT_DNA_REPLICATION,BP
0.430720424928,18,0.072,LIPID_CATABOLIC_PROCESS,BP
0.612951727835,7,0.072,T_CELL_PROLIFERATION,BP
-0.473224116676,13,0.073,UBIQUITIN_LIGASE_COMPLEX,CC
-0.276952810994,111,0.073,NEGATIVE_REGULATION_OF_METABOLIC_PROCESS,BP
0.223463773267,288,0.074,INTRACELLULAR_SIGNALING_CASCADE,BP
-0.442221570496,18,0.075,CHROMOSOME_SEGREGATION,BP
0.439811370835,17,0.075,ACTIN_FILAMENT_ORGANIZATION,BP
0.227872885639,283,0.076,PROTEIN_MODIFICATION_PROCESS,BP
0.309556080328,51,0.076,PROTEIN_FOLDING,BP
0.762599443954,3,0.076,GLYCOSPHINGOLIPID_METABOLIC_PROCESS,BP
0.423701686474,20,0.077,CHROMATIN,CC
0.29846485675,73,0.078,palmitate,PTM
0.339433266739,39,0.079,TRANSMEMBRANE_RECEPTOR_PROTEIN_TYROSINE_KINASE_SIGNALING_PATHWAY,BP
0.450213162554,17,0.08,STRIATED_MUSCLE_DEVELOPMENT,BP
0.641636609312,5,0.08,PHOSPHOLIPASE_C_ACTIVATION,BP
0.532009531513,9,0.081,REGULATION_OF_T_CELL_ACTIVATION,BP
0.359456750334,31,0.082,GENERATION_OF_NEURONS,BP
0.523231344605,10,0.082,MAINTENANCE_OF_LOCALIZATION,BP
0.762599443954,3,0.083,GLYCOLIPID_METABOLIC_PROCESS,BP
-0.566420395412,8,0.084,REGULATION_OF_ACTION_POTENTIAL,BP
0.424892145513,17,0.084,GLUCOSE_METABOLIC_PROCESS,BP
0.446045545363,15,0.084,RESPONSE_TO_HYPOXIA,BP
0.656951173529,5,0.085,SMOOTH_MUSCLE_CONTRACTION_GO_0006939,BP
0.289558482771,69,0.086,NEUROLOGICAL_SYSTEM_PROCESS,BP
0.369249679967,29,0.086,ION_TRANSPORT,BP
0.581069191918,7,0.086,REGULATION_OF_MAPKKK_CASCADE,BP
0.703305269722,4,0.087,phosphopantetheine,PTM
0.804919156316,2,0.087,SPERMATID_DEVELOPMENT,BP
0.822894507923,2,0.087,CIRCADIAN_RHYTHM,BP
-0.509428094858,10,0.088,NEGATIVE_REGULATION_OF_DNA_METABOLIC_PROCESS,BP
-0.902290790089,1,0.089,SODIUM_ION_TRANSPORT,BP
-0.272515693919,110,0.089,NEGATIVE_REGULATION_OF_CELLULAR_METABOLIC_PROCESS,BP
0.387598903174,23,0.089,STEROID_METABOLIC_PROCESS,BP
-0.393261257587,25,0.09,NUCLEAR_EXPORT,BP
0.290692900658,76,0.09,ACTIN_FILAMENT_BASED_PROCESS,BP
0.294490304631,73,0.09,SOLUBLE_FRACTION,CC
0.562784364432,8,0.09,POSITIVE_REGULATION_OF_T_CELL_ACTIVATION,BP
-0.305871963908,56,0.091,CHROMOSOMAL_PART,CC
0.424121291324,17,0.091,CELLULAR_LIPID_CATABOLIC_PROCESS,BP
0.530625503197,9,0.091,NEGATIVE_REGULATION_OF_DNA_BINDING,BP
-0.44253601483,15,0.092,RESPONSE_TO_HORMONE_STIMULUS,BP
0.374576793133,26,0.092,INTERCELLULAR_JUNCTION,CC
0.804919156316,2,0.092,SPERMATID_DIFFERENTIATION,BP
0.315653180031,47,0.094,MULTI_ORGANISM_PROCESS,BP
0.498332789716,11,0.094,NLS_BEARING_SUBSTRATE_IMPORT_INTO_NUCLEUS,BP
0.221997395846,294,0.095,NEGATIVE_REGULATION_OF_BIOLOGICAL_PROCESS,BP
0.274108517655,86,0.096,MEMBRANE_ORGANIZATION_AND_BIOGENESIS,BP
0.362659438818,28,0.096,MICROTUBULE_CYTOSKELETON_ORGANIZATION_AND_BIOGENESIS,BP
0.479725753803,12,0.096,EXTRINSIC_TO_MEMBRANE,CC
0.278895436494,75,0.097,CARBOHYDRATE_METABOLIC_PROCESS,BP
0.315291472419,43,0.097,G_PROTEIN_COUPLED_RECEPTOR_PROTEIN_SIGNALING_PATHWAY,BP
0.485834383659,10,0.097,REGULATION_OF_LYMPHOCYTE_ACTIVATION,BP
0.51790138507,9,0.097,SECRETORY_GRANULE,CC
0.466373156303,13,0.098,EPIDERMAL_GROWTH_FACTOR_RECEPTOR_SIGNALING_PATHWAY,BP
0.217803736606,299,0.099,BIOPOLYMER_MODIFICATION,BP
0.29347700989,60,0.099,CELL_CELL_SIGNALING,BP
0.440409509373,15,0.099,CELL_PROJECTION_BIOGENESIS,BP
0.646333971522,5,0.099,REGULATION_OF_JNK_CASCADE,BP
0.63678697442,5,0.1,ENERGY_RESERVE_METABOLIC_PROCESS,BP
0.462832443577,13,0.101,CASPASE_ACTIVATION,BP
-0.481061885378,11,0.103,ESTABLISHMENT_OF_ORGANELLE_LOCALIZATION,BP
0.368155619329,26,0.103,COENZYME_METABOLIC_PROCESS,BP
0.503476025658,10,0.103,ENDOPLASMIC_RETICULUM_LUMEN,CC
0.900576593424,1,0.103,VOLTAGE_GATED_CALCIUM_CHANNEL_COMPLEX,CC
0.514818196753,9,0.104,POSITIVE_REGULATION_OF_LYMPHOCYTE_ACTIVATION,BP
0.534388448815,8,0.104,CDC42_PROTEIN_SIGNAL_TRANSDUCTION,BP
0.693222826497,4,0.104,sialic_acid,PTM
-0.245277901558,156,0.105,CELL_CYCLE_GO_0007049,BP
0.447655987403,14,0.105,JAK_STAT_CASCADE,BP
-0.543875477987,8,0.106,N_TERMINAL_PROTEIN_AMINO_ACID_MODIFICATION,BP
0.421883565001,16,0.106,POSITIVE_REGULATION_OF_MAP_KINASE_ACTIVITY,BP
0.698166763163,3,0.106,FEMALE_GAMETE_GENERATION,BP
0.490432957259,10,0.107,ACTIN_FILAMENT,CC
0.653557185218,4,0.108,LYSOSOMAL_MEMBRANE,CC
0.683145270338,4,0.108,GLAND_DEVELOPMENT,BP
-0.507078385855,9,0.109,TRNA_PROCESSING,BP
-0.716161381605,3,0.111,NOTCH_SIGNALING_PATHWAY,BP
0.368981829539,23,0.111,SECOND_MESSENGER_MEDIATED_SIGNALING,BP
0.662093292091,4,0.111,POSITIVE_REGULATION_OF_PROTEIN_AMINO_ACID_PHOSPHORYLATION,BP
-0.59745739817,6,0.112,REGULATION_OF_CATABOLIC_PROCESS,BP
-0.42327861759,17,0.112,DNA_DAMAGE_RESPONSESIGNAL_TRANSDUCTION,BP
-0.349323151458,29,0.112,NUCLEAR_CHROMOSOME,CC
0.475940928014,11,0.112,POSITIVE_REGULATION_OF_BINDING,BP
-0.420325060443,16,0.114,ORGANELLE_LOCALIZATION,BP
0.481352537877,11,0.114,HORMONE_METABOLIC_PROCESS,BP
0.203107633604,394,0.115,ESTABLISHMENT_OF_LOCALIZATION,BP
0.569300355125,6,0.117,B_CELL_ACTIVATION,BP
0.570155892976,7,0.117,DNA_DAMAGE_RESPONSESIGNAL_TRANSDUCTION_BY_P53_CLASS_MEDIATOR,BP
0.442265463982,12,0.118,MICROTUBULE_BASED_MOVEMENT,BP
0.710752260401,3,0.118,CORNIFIED_ENVELOPE,CC
-0.273012132671,86,0.119,MACROMOLECULE_CATABOLIC_PROCESS,BP
0.777713512137,2,0.119,TRIACYLGLYCEROL_METABOLIC_PROCESS,BP
-0.449765605477,13,0.121,VIRAL_GENOME_REPLICATION,BP
0.46208760541,10,0.123,RIBONUCLEOTIDE_METABOLIC_PROCESS,BP
0.251341042057,114,0.125,NERVOUS_SYSTEM_DEVELOPMENT,BP
0.353931153399,25,0.125,POSITIVE_REGULATION_OF_CELLULAR_PROTEIN_METABOLIC_PROCESS,BP
0.354652780187,26,0.126,NEGATIVE_REGULATION_OF_CATALYTIC_ACTIVITY,BP
0.514494322774,8,0.126,PHOSPHOINOSITIDE_MEDIATED_SIGNALING,BP
0.531897899184,7,0.126,PROTEIN_POLYUBIQUITINATION,BP
-0.602282660144,5,0.127,NEGATIVE_REGULATION_OF_MAP_KINASE_ACTIVITY,BP
-0.570806438036,6,0.127,NEGATIVE_REGULATION_OF_TRANSLATION,BP
-0.386074011387,19,0.127,ENDOSOME_TRANSPORT,BP
0.261740057263,83,0.128,myristate,PTM
0.346942873439,26,0.128,POSITIVE_REGULATION_OF_PROTEIN_METABOLIC_PROCESS,BP
0.591581448745,5,0.128,RESPONSE_TO_TOXIN,BP
0.353493082302,25,0.129,UBIQUITIN_CYCLE,BP
0.441487443971,12,0.129,NEGATIVE_REGULATION_OF_CELL_ADHESION,BP
0.59802922086,5,0.129,VACUOLAR_PART,CC
0.652946679139,4,0.129,INTERLEUKIN_1_SECRETION,BP
-0.411832939501,16,0.13,VIRAL_INFECTIOUS_CYCLE,BP
0.504780260954,8,0.13,CELL_MATURATION,BP
-0.489110459554,10,0.131,TRANS_GOLGI_NETWORK_TRANSPORT_VESICLE,CC
0.683970139627,3,0.131,EXTERNAL_SIDE_OF_PLASMA_MEMBRANE,CC
0.535834015059,7,0.132,REGULATION_OF_NEUROGENESIS,BP
0.605710572299,5,0.132,REGULATION_OF_NEUROTRANSMITTER_LEVELS,BP
0.772516608203,2,0.132,SYNAPSE_ORGANIZATION_AND_BIOGENESIS,BP
-0.388082156852,19,0.133,TRANSPORT_VESICLE,CC
-0.327610351523,33,0.133,PHOSPHOLIPID_METABOLIC_PROCESS,BP
-0.30250489243,48,0.133,M_PHASE_OF_MITOTIC_CELL_CYCLE,BP
0.607983782941,5,0.133,CARBOHYDRATE_TRANSPORT,BP
0.540124186766,6,0.134,PYRIMIDINE_NUCLEOTIDE_METABOLIC_PROCESS,BP
-0.283785455966,61,0.135,REGULATION_OF_KINASE_ACTIVITY,BP
0.584843627321,5,0.136,POSITIVE_REGULATION_OF_T_CELL_PROLIFERATION,BP
0.533832592989,7,0.137,OLIGOSACCHARIDE_METABOLIC_PROCESS,BP
0.543466644149,6,0.137,REGULATION_OF_PROTEIN_POLYMERIZATION,BP
0.605710570399,5,0.137,MAINTENANCE_OF_CELLULAR_LOCALIZATION,BP
0.499910784506,9,0.138,FATTY_ACID_OXIDATION,BP
-0.305689231647,47,0.139,MITOSIS,BP
0.514494322774,8,0.14,G_PROTEIN_SIGNALING_COUPLED_TO_IP3_SECOND_MESSENGERPHOSPHOLIPASE_C_ACTIVATING,BP
0.59802922086,5,0.14,VACUOLAR_MEMBRANE,CC
-0.265517824948,85,0.141,REGULATION_OF_CELL_CYCLE,BP
0.211834832437,283,0.141,NEGATIVE_REGULATION_OF_CELLULAR_PROCESS,BP
0.33079399353,31,0.141,LYTIC_VACUOLE,CC
0.261929057864,84,0.145,REGULATION_OF_PROTEIN_METABOLIC_PROCESS,BP
0.26206109135,79,0.147,REGULATION_OF_CELLULAR_PROTEIN_METABOLIC_PROCESS,BP
-0.2834134676,62,0.148,REGULATION_OF_TRANSFERASE_ACTIVITY,BP
-0.753428927681,2,0.149,REGULATED_SECRETORY_PATHWAY,BP
0.326281820675,29,0.149,IMMUNE_SYSTEM_DEVELOPMENT,BP
0.33079399353,31,0.149,LYSOSOME,CC
0.232680282857,134,0.151,PROTEIN_KINASE_CASCADE,BP
0.345152408588,26,0.151,HEMOPOIESIS,BP
0.405861901921,14,0.151,RESPONSE_TO_VIRUS,BP
0.742362842893,2,0.151,POSITIVE_REGULATION_OF_DNA_METABOLIC_PROCESS,BP
0.343381644357,26,0.153,REGULATION_OF_BINDING,BP
0.573570692642,5,0.154,REGULATION_OF_DEFENSE_RESPONSE,BP
0.463537556449,9,0.155,CORTICAL_ACTIN_CYTOSKELETON,CC
0.619124002961,4,0.157,MAINTENANCE_OF_PROTEIN_LOCALIZATION,BP
0.332206577819,27,0.158,HEMOPOIETIC_OR_LYMPHOID_ORGAN_DEVELOPMENT,BP
0.403475676052,14,0.159,REGULATION_OF_CELL_DIFFERENTIATION,BP
0.529967992312,6,0.159,EPITHELIAL_TO_MESENCHYMAL_TRANSITION,BP
0.547388977858,6,0.159,CENTROSOME_ORGANIZATION_AND_BIOGENESIS,BP
0.619124002961,4,0.159,MAINTENANCE_OF_CELLULAR_PROTEIN_LOCALIZATION,BP
0.455666460322,10,0.16,CYTOPLASM_ORGANIZATION_AND_BIOGENESIS,BP
-0.549873009884,6,0.161,PROTEIN_STABILIZATION,BP
0.446468376548,10,0.161,NEGATIVE_REGULATION_OF_MULTICELLULAR_ORGANISMAL_PROCESS,BP
0.359631499378,21,0.162,PROTEIN_MODIFICATION_BY_SMALL_PROTEIN_CONJUGATION,BP
0.536140092079,6,0.162,REGULATION_OF_T_CELL_PROLIFERATION,BP
0.566820646017,5,0.163,MICROVILLUS,CC
0.525674973951,6,0.164,LYSOSOME_ORGANIZATION_AND_BIOGENESIS,BP
-0.386098937797,15,0.166,SPINDLE_MICROTUBULE,CC
0.350334684026,21,0.166,CELLULAR_COMPONENT_DISASSEMBLY,BP
0.337872321181,24,0.168,CYTOKINE_PRODUCTION,BP
0.419595770486,13,0.168,CORTICAL_CYTOSKELETON,CC
0.493030453243,7,0.171,MYELOID_LEUKOCYTE_DIFFERENTIATION,BP
0.525674973951,6,0.172,VACUOLE_ORGANIZATION_AND_BIOGENESIS,BP
-0.322463466221,29,0.173,GLYCOPROTEIN_BIOSYNTHETIC_PROCESS,BP
0.611156191821,4,0.173,IMMUNOLOGICAL_SYNAPSE,CC
-0.260092908786,67,0.175,REPRODUCTION,BP
0.393895164542,13,0.175,LEUKOCYTE_DIFFERENTIATION,BP
0.516974670014,6,0.175,RESPONSE_TO_DRUG,BP
-0.316457802467,35,0.176,CENTRAL_NERVOUS_SYSTEM_DEVELOPMENT,BP
0.471018416994,8,0.176,PURINE_NUCLEOTIDE_METABOLIC_PROCESS,BP
0.456880838336,8,0.177,SARCOMERE,CC
-0.259432495785,66,0.18,SECRETION_BY_CELL,BP
0.493799940683,7,0.18,REGULATION_OF_VIRAL_REPRODUCTION,BP
0.352716097055,19,0.181,PROTEIN_UBIQUITINATION,BP
0.489818797325,7,0.181,MICROTUBULE_POLYMERIZATION_OR_DEPOLYMERIZATION,BP
-0.386103537244,16,0.182,MITOCHONDRIAL_OUTER_MEMBRANE,CC
-0.366406181427,20,0.182,DNA_PACKAGING,BP
0.471201396122,8,0.183,TRICARBOXYLIC_ACID_CYCLE_INTERMEDIATE_METABOLIC_PROCESS,BP
0.286610235087,46,0.184,LIPID_BIOSYNTHETIC_PROCESS,BP
-0.544050020524,5,0.185,TISSUE_MORPHOGENESIS,BP
-0.197811604962,590,0.185,CELLULAR_PROTEIN_METABOLIC_PROCESS,BP
0.305602330025,32,0.185,INTERPHASE,BP
0.593083596331,4,0.186,STRIATED_MUSCLE_CONTRACTION_GO_0006941,BP
0.438507344299,9,0.187,REGULATION_OF_ACTIN_FILAMENT_LENGTH,BP
0.48627552833,7,0.187,BIOPOLYMER_BIOSYNTHETIC_PROCESS,BP
-0.518791150676,5,0.188,G1_PHASE_OF_MITOTIC_CELL_CYCLE,BP
0.381346404061,14,0.188,FEMALE_PREGNANCY,BP
0.287836242842,41,0.191,RAS_PROTEIN_SIGNAL_TRANSDUCTION,BP
0.449990112642,8,0.191,ISOPRENOID_METABOLIC_PROCESS,BP
-0.350497892358,18,0.192,ONE_CARBON_COMPOUND_METABOLIC_PROCESS,BP
-0.338664479067,19,0.193,PROTEIN_PROCESSING,BP
0.287389361404,38,0.194,CELL_JUNCTION,CC
-0.369577766199,16,0.195,ER_TO_GOLGI_VESICLE_MEDIATED_TRANSPORT,BP
-0.189499314992,881,0.195,ubl_conjugation,PTM
0.236454265321,100,0.195,PROTEIN_COMPLEX_ASSEMBLY,BP
0.509916644624,6,0.195,DIGESTION,BP
0.646740962264,3,0.195,LTQ,PTM
0.483205158486,7,0.197,MICROTUBULE_ORGANIZING_CENTER_ORGANIZATION_AND_BIOGENESIS,BP
0.47671297124,7,0.198,EMBRYONIC_MORPHOGENESIS,BP
-0.196547731572,596,0.199,CELLULAR_MACROMOLECULE_METABOLIC_PROCESS,BP
0.388399453804,13,0.199,REGULATION_OF_INTRACELLULAR_TRANSPORT,BP
0.602276270658,4,0.2,BRUSH_BORDER,CC
-0.42851918551,10,0.201,MICROTUBULE_ORGANIZING_CENTER_PART,CC
0.506338519717,6,0.201,LYMPHOCYTE_DIFFERENTIATION,BP
-0.294179774581,37,0.202,GLYCOPROTEIN_METABOLIC_PROCESS,BP
0.448169224664,8,0.202,REGULATION_OF_ACTIN_POLYMERIZATION_AND_OR_DEPOLYMERIZATION,BP
0.456860052341,7,0.202,PATTERN_SPECIFICATION_PROCESS,BP
0.576707202993,4,0.202,glutathionylation,PTM
0.438507344299,9,0.203,REGULATION_OF_CELLULAR_COMPONENT_SIZE,BP
0.35823609876,15,0.204,ADHERENS_JUNCTION,CC
0.519523467203,5,0.204,SUPEROXIDE_METABOLIC_PROCESS,BP
-0.265437070145,60,0.205,REGULATION_OF_PROTEIN_KINASE_ACTIVITY,BP
0.302119981371,29,0.206,CELL_CORTEX,CC
0.361137151663,18,0.206,DNA_CATABOLIC_PROCESS,BP
-0.791179678978,1,0.207,MALE_GONAD_DEVELOPMENT,BP
-0.50639602714,6,0.209,SYNAPTIC_VESICLE,CC
0.406573111577,9,0.209,ACTIN_FILAMENT_BUNDLE_FORMATION,BP
0.399190040581,10,0.211,ENDOCYTIC_VESICLE,CC
0.781206171108,1,0.211,DETECTION_OF_ABIOTIC_STIMULUS,BP
0.418115311429,10,0.212,NEGATIVE_REGULATION_OF_BINDING,BP
0.531502403032,5,0.213,HOMOPHILIC_CELL_ADHESION,BP
-0.340870303832,19,0.214,REGULATION_OF_MITOSIS,BP
-0.539744052992,5,0.218,MEIOTIC_RECOMBINATION,BP
0.690964731421,2,0.218,INTERCALATED_DISC,CC
0.709788029925,2,0.22,CYCLIC_NUCLEOTIDE_METABOLIC_PROCESS,BP
0.312166310386,21,0.223,REGULATION_OF_MAP_KINASE_ACTIVITY,BP
0.781206171108,1,0.223,DETECTION_OF_STIMULUS_INVOLVED_IN_SENSORY_PERCEPTION,BP
-0.326169250401,23,0.225,NUCLEOBASENUCLEOSIDENUCLEOTIDE_AND_NUCLEIC_ACID_TRANSPORT,BP
0.429532344561,8,0.227,REGULATION_OF_PROTEIN_IMPORT_INTO_NUCLEUS,BP
0.443249315455,7,0.228,GLUCOSE_CATABOLIC_PROCESS,BP
0.283591324587,30,0.229,PEROXISOME,CC
0.781206171108,1,0.229,PHOTOTRANSDUCTION,BP
0.332492722935,19,0.231,CYTOSKELETON_DEPENDENT_INTRACELLULAR_TRANSPORT,BP
0.357587773123,16,0.232,MYELOID_CELL_DIFFERENTIATION,BP
0.537364153476,4,0.232,CELLULAR_RESPONSE_TO_STRESS,BP
0.282796769333,35,0.233,VACUOLE,CC
-0.400091800473,10,0.235,PROTEIN_TARGETING_TO_MITOCHONDRION,BP
-0.487896466412,5,0.236,NEGATIVE_REGULATION_OF_DNA_REPLICATION,BP
-0.476836038976,6,0.236,CYTOKINE_AND_CHEMOKINE_MEDIATED_SIGNALING_PATHWAY,BP
-0.654653436638,2,0.238,REGIONALIZATION,BP
-0.361853203834,14,0.239,NEGATIVE_REGULATION_OF_TRANSFERASE_ACTIVITY,BP
-0.309811472789,22,0.24,DNA_RECOMBINATION,BP
0.459908460589,6,0.241,NUCLEOTIDE_SUGAR_METABOLIC_PROCESS,BP
-0.753311516285,1,0.242,NEUROTRANSMITTER_SECRETION,BP
-0.460113197005,7,0.242,REGULATION_OF_RHO_PROTEIN_SIGNAL_TRANSDUCTION,BP
0.593048063878,3,0.242,RESPONSE_TO_XENOBIOTIC_STIMULUS,BP
0.283591324587,30,0.243,MICROBODY,CC
0.379602952849,12,0.243,CARBOHYDRATE_CATABOLIC_PROCESS,BP
0.403206304078,9,0.243,REGULATION_OF_IMMUNE_EFFECTOR_PROCESS,BP
-0.245254804859,72,0.244,SECRETION,BP
-0.461746457297,6,0.247,NUCLEOSOME_ASSEMBLY,BP
0.225210499857,104,0.249,PROTEOLYSIS,BP
0.379602952849,12,0.249,CELLULAR_CARBOHYDRATE_CATABOLIC_PROCESS,BP
0.334358910403,17,0.25,VESICULAR_FRACTION,CC
0.525991833103,4,0.25,DETECTION_OF_STIMULUS,BP
0.655236907731,2,0.25,POSITIVE_REGULATION_OF_ANGIOGENESIS,BP
0.208487093678,165,0.251,ENDOPLASMIC_RETICULUM,CC
0.334358910403,17,0.251,MICROSOME,CC
-0.377057899509,10,0.253,SISTER_CHROMATID_SEGREGATION,BP
-0.368417468027,12,0.253,SPINDLE_POLE,CC
0.393770033576,9,0.254,LATE_ENDOSOME,CC
0.445821374766,7,0.255,HEME_METABOLIC_PROCESS,BP
0.447417206799,6,0.255,REGULATION_OF_CELL_SHAPE,BP
-0.298200888244,24,0.256,ENERGY_DERIVATION_BY_OXIDATION_OF_ORGANIC_COMPOUNDS,BP
0.416973013832,7,0.256,SENSORY_ORGAN_DEVELOPMENT,BP
-0.753311516285,1,0.258,GENERATION_OF_A_SIGNAL_INVOLVED_IN_CELL_CELL_SIGNALING,BP
-0.748636434471,1,0.259,DETECTION_OF_CHEMICAL_STIMULUS,BP
0.186454398353,374,0.26,TRANSPORT,BP
0.398765602109,7,0.26,INTERCELLULAR_JUNCTION_ASSEMBLY,BP
0.463421182322,5,0.26,CELL_PROJECTION_PART,CC
-0.563788639987,3,0.261,PROTEOGLYCAN_METABOLIC_PROCESS,BP
-0.388636538677,10,0.262,MITOTIC_CELL_CYCLE_CHECKPOINT,BP
-0.186102337693,861,0.262,CYTOPLASMIC_PART,CC
-0.426004210428,8,0.265,CHROMATIN_ASSEMBLY,BP
0.527667368766,4,0.266,REGULATION_OF_SYNAPSE_STRUCTURE_AND_ACTIVITY,BP
0.329133606629,16,0.267,NEGATIVE_REGULATION_OF_SIGNAL_TRANSDUCTION,BP
0.362720205259,11,0.27,INSULIN_RECEPTOR_SIGNALING_PATHWAY,BP
0.563117216407,3,0.27,EXCRETION,BP
0.41443732958,6,0.273,FOCAL_ADHESION_FORMATION,BP
0.506590308322,4,0.273,MESODERM_DEVELOPMENT,BP
-0.39293361444,8,0.275,NUCLEAR_REPLICATION_FORK,CC
-0.379668773087,10,0.275,REGULATION_OF_RAS_PROTEIN_SIGNAL_TRANSDUCTION,BP
-0.236825077351,82,0.275,CELL_CYCLE_PHASE,BP
0.717001714197,1,0.275,hypusine,PTM
0.393034423867,8,0.277,INTERCELLULAR_JUNCTION_ASSEMBLY_AND_MAINTENANCE,BP
0.505495525891,4,0.277,SULFUR_COMPOUND_BIOSYNTHETIC_PROCESS,BP
-0.390768664053,9,0.278,DNA_REPLICATION_INITIATION,BP
-0.332653443602,16,0.278,CATION_TRANSPORT,BP
-0.265807070495,41,0.28,MEMBRANE_LIPID_METABOLIC_PROCESS,BP
0.387761127222,8,0.28,RESPONSE_TO_NUTRIENT_LEVELS,BP
0.504014534192,4,0.28,B_CELL_DIFFERENTIATION,BP
-0.529191084795,3,0.281,APICAL_PART_OF_CELL,CC
0.279487764088,27,0.281,SEXUAL_REPRODUCTION,BP
-0.377057899509,10,0.282,MITOTIC_SISTER_CHROMATID_SEGREGATION,BP
0.62605143605,2,0.284,NEGATIVE_REGULATION_OF_SECRETION,BP
-0.383863802818,9,0.287,REGULATION_OF_DNA_REPLICATION,BP
0.269115293883,34,0.287,RESPONSE_TO_OXIDATIVE_STRESS,BP
0.444834380134,5,0.287,SITE_OF_POLARIZED_GROWTH,CC
-0.185642085559,660,0.288,PROTEIN_METABOLIC_PROCESS,BP
0.185119001051,310,0.293,POSITIVE_REGULATION_OF_BIOLOGICAL_PROCESS,BP
0.357463508966,10,0.293,PIGMENT_METABOLIC_PROCESS,BP
-0.224829529254,95,0.294,CELL_CYCLE_PROCESS,BP
0.414223331254,6,0.294,MITOCHONDRIAL_MEMBRANE_ORGANIZATION_AND_BIOGENESIS,BP
-0.298163639219,18,0.295,DOUBLE_STRAND_BREAK_REPAIR,BP
0.341552765864,11,0.295,SPINDLE_ORGANIZATION_AND_BIOGENESIS,BP
-0.286759353396,22,0.296,STRESS_ACTIVATED_PROTEIN_KINASE_SIGNALING_PATHWAY,BP
0.402859125342,7,0.296,S_PHASE,BP
0.558256169003,3,0.297,GLUCAN_METABOLIC_PROCESS,BP
0.609725685786,2,0.297,RESPONSE_TO_STEROID_HORMONE_STIMULUS,BP
0.34729783624,12,0.299,REGULATION_OF_NUCLEOCYTOPLASMIC_TRANSPORT,BP
0.527883246585,3,0.299,REGULATION_OF_G_PROTEIN_COUPLED_RECEPTOR_PROTEIN_SIGNALING_PATHWAY,BP
-0.347463503767,12,0.302,OXYGEN_AND_REACTIVE_OXYGEN_SPECIES_METABOLIC_PROCESS,BP
-0.618732945544,2,0.303,N_ACETYLGLUCOSAMINE_METABOLIC_PROCESS,BP
0.330060991577,13,0.303,BASE_EXCISION_REPAIR,BP
0.499904933747,4,0.303,POSITIVE_REGULATION_OF_MAPKKK_CASCADE,BP
-0.363448458521,10,0.304,REGULATION_OF_GTPASE_ACTIVITY,BP
0.457305212211,4,0.305,DEFENSE_RESPONSE_TO_VIRUS,BP
0.473172357511,4,0.305,POLYSACCHARIDE_METABOLIC_PROCESS,BP
0.554014029618,3,0.306,quinone,PTM
-0.466921891787,4,0.307,NEGATIVE_REGULATION_OF_CELL_DIFFERENTIATION,BP
-0.183956260163,640,0.307,isopeptide_bond,PTM
0.267641043869,23,0.307,SYNAPTIC_TRANSMISSION,BP
-0.702664796634,1,0.308,SPERM_MOTILITY,BP
0.527128539161,3,0.308,T_CELL_DIFFERENTIATION,BP
-0.529191084795,3,0.309,APICAL_PLASMA_MEMBRANE,CC
0.433772018281,4,0.309,INTERLEUKIN_8_PRODUCTION,BP
0.272841077705,26,0.31,CELL_CYCLE_ARREST_GO_0007050,BP
0.329921917506,11,0.31,CELL_SUBSTRATE_ADHERENS_JUNCTION,CC
0.235497407954,52,0.311,SMALL_GTPASE_MEDIATED_SIGNAL_TRANSDUCTION,BP
0.277246757201,23,0.311,GAMETE_GENERATION,BP
0.262926896795,33,0.313,NUCLEAR_IMPORT,BP
-0.254842608636,42,0.314,RESPONSE_TO_ABIOTIC_STIMULUS,BP
-0.339343950728,11,0.315,POST_GOLGI_VESICLE_MEDIATED_TRANSPORT,BP
-0.318143986867,16,0.316,MITOCHONDRIAL_TRANSPORT,BP
-0.226924983777,66,0.317,CYTOPLASMIC_MEMBRANE_BOUND_VESICLE,CC
0.66791335515,1,0.321,FEEDING_BEHAVIOR,BP
0.29992786681,13,0.322,CELL_MATRIX_JUNCTION,CC
0.473172357511,4,0.322,CELLULAR_POLYSACCHARIDE_METABOLIC_PROCESS,BP
-0.292614129189,20,0.323,JNK_CASCADE,BP
0.432444329328,5,0.323,NEGATIVE_REGULATION_OF_IMMUNE_SYSTEM_PROCESS,BP
0.283459231984,21,0.324,POSITIVE_REGULATION_OF_CELLULAR_COMPONENT_ORGANIZATION_AND_BIOGENESIS,BP
0.202499456332,130,0.326,REGULATION_OF_MOLECULAR_FUNCTION,BP
-0.280952494097,23,0.328,REGULATION_OF_DNA_METABOLIC_PROCESS,BP
-0.497046511653,3,0.33,AMYLOID_PRECURSOR_PROTEIN_METABOLIC_PROCESS,BP
-0.385165131322,7,0.33,PROTEIN_EXPORT_FROM_NUCLEUS,BP
0.290110340939,17,0.332,NEGATIVE_REGULATION_OF_GROWTH,BP
0.302638964415,14,0.332,SECONDARY_METABOLIC_PROCESS,BP
0.453911863405,4,0.334,GROWTH_CONE,CC
-0.432842999671,5,0.337,SYNAPSE_PART,CC
-0.224512948098,68,0.337,CYTOPLASMIC_VESICLE,CC
0.199540964352,98,0.338,POSITIVE_REGULATION_OF_DEVELOPMENTAL_PROCESS,BP
-0.358339460811,8,0.34,NEGATIVE_REGULATION_OF_CELLULAR_BIOSYNTHETIC_PROCESS,BP
-0.195631695324,196,0.342,INTRACELLULAR_TRANSPORT,BP
0.575592269327,2,0.342,NEGATIVE_REGULATION_OF_CYTOKINE_BIOSYNTHETIC_PROCESS,BP
0.234112937198,41,0.343,NEUROGENESIS,BP
-0.359378388591,8,0.344,GOLGI_STACK,CC
0.418884664495,4,0.348,PROTEIN_IMPORT_INTO_NUCLEUS_TRANSLOCATION,BP
-0.400764202964,5,0.349,PROTEIN_MATURATION,BP
-0.39123501499,6,0.349,REGULATION_OF_MYELOID_CELL_DIFFERENTIATION,BP
0.24401172478,31,0.35,POSITIVE_REGULATION_OF_TRANSFERASE_ACTIVITY,BP
-0.485880113626,3,0.351,EMBRYO_IMPLANTATION,BP
-0.408613187722,5,0.351,REGULATION_OF_RHO_GTPASE_ACTIVITY,BP
0.284616233874,17,0.352,RNA_CATABOLIC_PROCESS,BP
-0.266746063847,24,0.354,CLATHRIN_COATED_VESICLE,CC
-0.358339460811,8,0.357,NEGATIVE_REGULATION_OF_BIOSYNTHETIC_PROCESS,BP
-0.250047052316,35,0.358,ADP_ribosylation,PTM
0.586502020757,2,0.358,DETECTION_OF_EXTERNAL_STIMULUS,BP
-0.330312437679,9,0.359,CHROMOSOME_CONDENSATION,BP
-0.269557505987,18,0.359,TRNA_METABOLIC_PROCESS,BP
0.333973208332,8,0.359,NUCLEAR_MATRIX,CC
-0.413002806361,4,0.361,REGULATION_OF_LIPID_METABOLIC_PROCESS,BP
0.569201995012,2,0.361,XENOBIOTIC_METABOLIC_PROCESS,BP
0.180535377614,299,0.362,POSITIVE_REGULATION_OF_CELLULAR_PROCESS,BP
0.335632652947,8,0.362,REGULATION_OF_JNK_ACTIVITY,BP
0.163569634209,1301,0.364,CYTOPLASM,CC
-0.326633733207,10,0.365,PML_BODY,CC
0.197599165085,108,0.366,REGULATION_OF_CATALYTIC_ACTIVITY,BP
-0.329902044623,9,0.367,CAMP_MEDIATED_SIGNALING,BP
-0.20069721284,138,0.367,VESICLE_MEDIATED_TRANSPORT,BP
-0.316917293928,10,0.368,SYNAPSE,CC
0.329300765075,9,0.37,KINESIN_COMPLEX,CC
-0.222841074274,69,0.371,VESICLE,CC
-0.326423392228,9,0.372,POSITIVE_REGULATION_OF_TRANSLATION,BP
0.212486563993,62,0.372,MICROTUBULE_BASED_PROCESS,BP
0.316904426408,9,0.372,EXOCYTOSIS,BP
-0.3676580509,6,0.373,REGULATION_OF_RAS_GTPASE_ACTIVITY,BP
-0.226924983777,66,0.373,MEMBRANE_BOUND_VESICLE,CC
-0.45762415534,3,0.374,NEGATIVE_REGULATION_OF_RESPONSE_TO_STIMULUS,BP
0.406410465039,4,0.379,NEGATIVE_REGULATION_OF_INTRACELLULAR_TRANSPORT,BP
-0.375079186186,5,0.38,AXON,CC
-0.285765412979,15,0.38,INDUCTION_OF_APOPTOSIS_BY_EXTRACELLULAR_SIGNALS,BP
0.31801073834,10,0.38,NEURON_PROJECTION,CC
0.255346968812,21,0.381,EMBRYONIC_DEVELOPMENT,BP
0.345016653414,6,0.381,S_PHASE_OF_MITOTIC_CELL_CYCLE,BP
-0.368908431176,6,0.385,G1_PHASE,BP
0.239909804056,22,0.385,REGULATION_OF_CYTOSKELETON_ORGANIZATION_AND_BIOGENESIS,BP
-0.334118078693,7,0.387,PEROXISOMAL_MEMBRANE,CC
-0.214342603148,62,0.387,NUCLEAR_TRANSPORT,BP
-0.361435307719,6,0.388,G2_M_TRANSITION_OF_MITOTIC_CELL_CYCLE,BP
-0.302900175053,9,0.389,G_PROTEIN_SIGNALING_COUPLED_TO_CYCLIC_NUCLEOTIDE_SECOND_MESSENGER,BP
-0.301675409865,11,0.389,CYCLIC_NUCLEOTIDE_MEDIATED_SIGNALING,BP
0.233759407933,22,0.389,REGULATION_OF_GROWTH,BP
0.408749940314,4,0.39,PERIPHERAL_NERVOUS_SYSTEM_DEVELOPMENT,BP
0.233888065507,30,0.391,TRANSMISSION_OF_NERVE_IMPULSE,BP
-0.479941028272,2,0.392,amidation,PTM
-0.287005686622,12,0.393,POSITIVE_REGULATION_OF_TRANSPORT,BP
-0.282093463982,13,0.393,EARLY_ENDOSOME,CC
0.240511331862,32,0.393,MICROTUBULE_ASSOCIATED_COMPLEX,CC
0.323155454712,7,0.393,POSITIVE_REGULATION_OF_CYTOSKELETON_ORGANIZATION_AND_BIOGENESIS,BP
-0.281968984394,13,0.394,REGULATION_OF_SMALL_GTPASE_MEDIATED_SIGNAL_TRANSDUCTION,BP
0.219280608186,35,0.394,NEGATIVE_REGULATION_OF_CELL_CYCLE,BP
0.22734952048,39,0.395,ENDOSOME,CC
0.315958929442,10,0.395,HOMEOSTASIS_OF_NUMBER_OF_CELLS,BP
-0.444460623619,3,0.396,GLUCOSAMINE_METABOLIC_PROCESS,BP
-0.374132941789,4,0.399,REGULATION_OF_MEMBRANE_POTENTIAL,BP
0.271814075819,15,0.399,COVALENT_CHROMATIN_MODIFICATION,BP
-0.361708762083,4,0.4,AMINO_SUGAR_METABOLIC_PROCESS,BP
0.239967846522,21,0.401,REGULATION_OF_CELL_GROWTH,BP
0.329419497555,8,0.401,NEGATIVE_REGULATION_OF_CYTOSKELETON_ORGANIZATION_AND_BIOGENESIS,BP
-0.23644044142,26,0.402,MICROTUBULE,CC
0.213689373115,31,0.402,PROTEIN_IMPORT_INTO_NUCLEUS,BP
0.186282606287,136,0.405,CELLULAR_CATABOLIC_PROCESS,BP
0.271814075819,15,0.405,HISTONE_MODIFICATION,BP
0.522911471322,2,0.405,CALCIUM_INDEPENDENT_CELL_CELL_ADHESION,BP
-0.18380112414,308,0.406,ORGANELLE_ORGANIZATION_AND_BIOGENESIS,BP
0.258984572268,10,0.407,RESPONSE_TO_EXTRACELLULAR_STIMULUS,BP
0.229432990514,21,0.408,NEGATIVE_REGULATION_OF_CELLULAR_PROTEIN_METABOLIC_PROCESS,BP
0.265200673726,14,0.408,TRANSFORMING_GROWTH_FACTOR_BETA_RECEPTOR_SIGNALING_PATHWAY,BP
-0.334118078693,7,0.409,MICROBODY_MEMBRANE,CC
0.379166415092,3,0.409,CENTROSOME_CYCLE,BP
-0.305862224183,8,0.41,PROTEIN_SERINE_THREONINE_PHOSPHATASE_COMPLEX,CC
-0.25641690765,18,0.41,MEMBRANE_FUSION,BP
0.219851534886,30,0.41,REGULATION_OF_TRANSPORT,BP
-0.313586672179,8,0.411,DNA_MODIFICATION,BP
-0.304649176161,8,0.412,PEROXISOME_ORGANIZATION_AND_BIOGENESIS,BP
0.282330306207,10,0.413,APICOLATERAL_PLASMA_MEMBRANE,CC
0.310238059277,8,0.413,G_PROTEIN_SIGNALING_COUPLED_TO_CAMP_NUCLEOTIDE_SECOND_MESSENGER,BP
0.211017596173,36,0.414,MITOCHONDRION_ORGANIZATION_AND_BIOGENESIS,BP
-0.334009044129,5,0.415,PROTEIN_TARGETING_TO_MEMBRANE,BP
-0.214342603148,62,0.415,NUCLEOCYTOPLASMIC_TRANSPORT,BP
-0.424629773967,3,0.416,INTERLEUKIN_8_BIOSYNTHETIC_PROCESS,BP
-0.263233717136,13,0.416,PROTEIN_AMINO_ACID_AUTOPHOSPHORYLATION,BP
0.287222599359,8,0.416,COENZYME_BIOSYNTHETIC_PROCESS,BP
0.366896365434,4,0.416,CALCIUM_ION_TRANSPORT,BP
0.48924563591,2,0.417,BILE_ACID_METABOLIC_PROCESS,BP
0.314605853709,6,0.418,PURINE_RIBONUCLEOTIDE_METABOLIC_PROCESS,BP
-0.354787327938,5,0.419,GENE_SILENCING,BP
-0.303802156161,8,0.42,MICROBODY_PART,CC
0.252084199952,13,0.42,G1_S_TRANSITION_OF_MITOTIC_CELL_CYCLE,BP
0.317054202036,6,0.42,INTRINSIC_TO_GOLGI_MEMBRANE,CC
0.196027228419,83,0.421,MITOTIC_CELL_CYCLE,BP
0.387321412514,3,0.421,INTEGRAL_TO_GOLGI_MEMBRANE,CC
0.177741597875,141,0.422,CATABOLIC_PROCESS,BP
-0.313939169135,8,0.423,COFACTOR_CATABOLIC_PROCESS,BP
-0.263233717136,13,0.424,PROTEIN_AUTOPROCESSING,BP
-0.375214341387,3,0.426,G_PROTEIN_SIGNALING_ADENYLATE_CYCLASE_ACTIVATING_PATHWAY,BP
-0.300741860441,7,0.426,VACUOLAR_TRANSPORT,BP
-0.268991603004,13,0.426,PROTEIN_AMINO_ACID_N_LINKED_GLYCOSYLATION,BP
-0.345612126818,7,0.428,REGULATION_OF_CHROMOSOME_ORGANIZATION_AND_BIOGENESIS,BP
0.297567061759,6,0.428,MONOVALENT_INORGANIC_CATION_HOMEOSTASIS,BP
-0.405372620775,3,0.429,UNFOLDED_PROTEIN_RESPONSE,BP
0.224593256596,22,0.429,NEGATIVE_REGULATION_OF_CELLULAR_COMPONENT_ORGANIZATION_AND_BIOGENESIS,BP
0.262256400271,15,0.429,TRANSMEMBRANE_RECEPTOR_PROTEIN_SERINE_THREONINE_KINASE_SIGNALING_PATHWAY,BP
0.277572253107,8,0.429,TIGHT_JUNCTION,CC
0.282330306207,10,0.429,APICAL_JUNCTION_COMPLEX,CC
0.246523484556,11,0.43,REGULATION_OF_MITOTIC_CELL_CYCLE,BP
0.390888541658,3,0.432,INTERFERON_GAMMA_PRODUCTION,BP
-0.300741860441,7,0.434,LYSOSOMAL_TRANSPORT,BP
0.346858973649,5,0.434,TRANSITION_METAL_ION_TRANSPORT,BP
0.574723390993,1,0.434,PROTEOGLYCAN_BIOSYNTHETIC_PROCESS,BP
-0.364169128794,4,0.435,CELL_FATE_COMMITMENT,BP
0.194823191983,29,0.435,REGULATION_OF_ORGANELLE_ORGANIZATION_AND_BIOGENESIS,BP
0.257301333155,9,0.438,FOCAL_ADHESION,CC
0.271813027234,10,0.439,PROTEIN_POLYMERIZATION,BP
-0.234333074777,26,0.441,SPINDLE,CC
0.273235818912,8,0.441,RESPONSE_TO_IONIZING_RADIATION,BP
0.297567061759,6,0.442,REGULATION_OF_PH,BP
0.571139161602,1,0.442,DETECTION_OF_BIOTIC_STIMULUS,BP
-0.260516566265,12,0.443,RESPONSE_TO_UV,BP
-0.269970839257,8,0.445,ACTIN_FILAMENT_POLYMERIZATION,BP
-0.319410265416,6,0.448,GLYCOPROTEIN_CATABOLIC_PROCESS,BP
0.2303137227,15,0.448,ACTIN_POLYMERIZATION_AND_OR_DEPOLYMERIZATION,BP
-0.273407834219,11,0.449,TRANS_GOLGI_NETWORK,CC
0.157174107483,122,0.449,PROTEIN_LOCALIZATION,BP
0.26341235184,6,0.449,ACTIVATION_OF_JNK_ACTIVITY,BP
0.28926714553,6,0.449,HEME_BIOSYNTHETIC_PROCESS,BP
-0.375214341387,3,0.451,ADENYLATE_CYCLASE_ACTIVATION,BP
0.279161544156,7,0.452,ER_NUCLEAR_SIGNALING_PATHWAY,BP
0.315263109502,6,0.452,EXTRINSIC_TO_PLASMA_MEMBRANE,CC
-0.204328803974,39,0.453,PROTEIN_IMPORT,BP
0.212473882663,22,0.453,NEGATIVE_REGULATION_OF_PROTEIN_METABOLIC_PROCESS,BP
0.390888541658,3,0.453,INTERFERON_GAMMA_BIOSYNTHETIC_PROCESS,BP
0.244004424799,9,0.455,CYTOKINE_BIOSYNTHETIC_PROCESS,BP
0.306265192144,6,0.455,RESPIRATORY_GASEOUS_EXCHANGE,BP
-0.303802156161,8,0.456,PEROXISOMAL_PART,CC
-0.278427702387,7,0.456,POSITIVE_REGULATION_OF_CYTOKINE_BIOSYNTHETIC_PROCESS,BP
0.219345359682,15,0.456,COFACTOR_BIOSYNTHETIC_PROCESS,BP
-0.278471138846,8,0.458,REGULATION_OF_CYTOKINE_BIOSYNTHETIC_PROCESS,BP
0.253313065419,9,0.458,NEURON_APOPTOSIS,BP
0.189006006404,26,0.459,PROTEIN_AMINO_ACID_DEPHOSPHORYLATION,BP
0.297474275023,4,0.461,REGULATION_OF_CELLULAR_PH,BP
0.270833776685,8,0.462,REGULATION_OF_NEURON_APOPTOSIS,BP
-0.28925967572,6,0.463,REGULATION_OF_CELL_CELL_ADHESION,BP
0.21532771356,29,0.465,INTERPHASE_OF_MITOTIC_CELL_CYCLE,BP
0.263100436681,6,0.465,TRANSCRIPTION_FROM_RNA_POLYMERASE_III_PROMOTER,BP
0.274186491973,7,0.466,REGULATION_OF_CELL_MORPHOGENESIS,BP
0.32124320919,4,0.466,CELLULAR_RESPONSE_TO_NUTRIENT_LEVELS,BP
-0.248911198026,9,0.467,DENDRITE,CC
0.199968779269,12,0.467,ESTABLISHMENT_AND_OR_MAINTENANCE_OF_CELL_POLARITY,BP
0.205432407118,12,0.467,ACTIVATION_OF_MAPK_ACTIVITY,BP
0.213685117553,21,0.467,BASOLATERAL_PLASMA_MEMBRANE,CC
-0.295495532638,5,0.468,PROTEIN_AMINO_ACID_ADP_RIBOSYLATION,BP
-0.233476243423,17,0.469,RESPONSE_TO_LIGHT_STIMULUS,BP
0.291467983409,5,0.469,CELLULAR_RESPONSE_TO_EXTRACELLULAR_STIMULUS,BP
0.263453439401,7,0.47,POSITIVE_REGULATION_OF_JNK_ACTIVITY,BP
-0.232544649534,13,0.471,REGULATION_OF_ENDOCYTOSIS,BP
0.225182295163,10,0.471,SPHINGOLIPID_METABOLIC_PROCESS,BP
-0.224432973158,21,0.472,ER_GOLGI_INTERMEDIATE_COMPARTMENT,CC
-0.184131433942,82,0.473,MICROTUBULE_CYTOSKELETON,CC
-0.384379670753,2,0.475,REGULATION_OF_INTERFERON_GAMMA_BIOSYNTHETIC_PROCESS,BP
-0.241208978075,7,0.475,REGULATION_OF_TRANSFORMING_GROWTH_FACTOR_BETA_RECEPTOR_SIGNALING_PATHWAY,BP
-0.228099763111,20,0.475,REGULATION_OF_GENE_EXPRESSION_EPIGENETIC,BP
0.230385275308,7,0.475,MYOSIN_COMPLEX,CC
-0.195798872067,7,0.476,POSITIVE_REGULATION_OF_CYTOKINE_PRODUCTION,BP
0.244004424799,9,0.476,CYTOKINE_METABOLIC_PROCESS,BP
-0.15549693687,8,0.477,NEGATIVE_REGULATION_OF_TRANSPORT,BP
0.154245864275,109,0.479,ESTABLISHMENT_OF_PROTEIN_LOCALIZATION,BP
-0.187074969968,96,0.48,PROTEIN_TRANSPORT,BP
-0.249953684821,5,0.481,REGULATION_OF_ENDOTHELIAL_CELL_PROLIFERATION,BP
0.241293315405,9,0.484,NEGATIVE_REGULATION_OF_CELL_MIGRATION,BP
-0.201623462268,19,0.486,NUCLEAR_CHROMOSOME_PART,CC
-0.19845410779,35,0.487,MAPKKK_CASCADE_GO_0000165,BP
-0.179096345827,68,0.488,PROTEIN_TARGETING,BP
-0.160200111318,32,0.49,DEPHOSPHORYLATION,BP
0.242438415965,4,0.49,SPHINGOID_METABOLIC_PROCESS,BP
-0.184706012278,84,0.491,REGULATION_OF_CELLULAR_COMPONENT_ORGANIZATION_AND_BIOGENESIS,BP
0.256811544708,6,0.491,CELL_SOMA,CC
-0.16925950742,221,0.492,ESTABLISHMENT_OF_CELLULAR_LOCALIZATION,BP
0.297474275023,4,0.492,CELLULAR_MONOVALENT_INORGANIC_CATION_HOMEOSTASIS,BP
0.228692058169,10,0.495,REGULATION_OF_CYTOKINE_PRODUCTION,BP
-0.165440840987,4212,0.496,phosphoprotein,PTM
-0.294454984275,6,0.497,ENDOTHELIAL_CELL_PROLIFERATION,BP
0.242438415965,4,0.498,CERAMIDE_METABOLIC_PROCESS,BP
-0.197379221574,27,0.499,GROWTH,BP
0.228028083314,10,0.5,METAL_ION_TRANSPORT,BP
0.24883203349,5,0.503,RESPONSE_TO_NUTRIENT,BP
0.209600548431,9,0.504,PIGMENT_BIOSYNTHETIC_PROCESS,BP
-0.238808298237,7,0.505,ACTIN_FILAMENT_BASED_MOVEMENT,BP
-0.208719296453,13,0.505,CARBOHYDRATE_BIOSYNTHETIC_PROCESS,BP
-0.206366970124,9,0.507,PROTEIN_AMINO_ACID_O_LINKED_GLYCOSYLATION,BP
-0.185140526274,30,0.509,GOLGI_MEMBRANE,CC
-0.170905858851,27,0.511,RESPONSE_TO_RADIATION,BP
0.221369886177,5,0.512,DI__TRI_VALENT_INORGANIC_CATION_TRANSPORT,BP
-0.164130747695,40,0.514,PERINUCLEAR_REGION_OF_CYTOPLASM,CC
0.212029346395,6,0.516,INTERLEUKIN_2_PRODUCTION,BP
-0.18767550702,8,0.519,PRODUCTION_OF_MOLECULAR_MEDIATOR_OF_IMMUNE_RESPONSE,BP
-0.149916345725,227,0.519,CELLULAR_LOCALIZATION,BP
-0.33213840399,2,0.522,SENSORY_PERCEPTION_OF_CHEMICAL_STIMULUS,BP
-0.171761717967,90,0.533,INTRACELLULAR_PROTEIN_TRANSPORT,BP
-0.155084787955,141,0.543,MACROMOLECULE_LOCALIZATION,BP
