sample,COSMIC,GDSC1,GDSC2,TCGA,MSI,medium,growth
A253,906794,aero_dig_tract,head and neck,,MSS/MSI-L,D/F12,Adherent
BB30-HNC,753531,aero_dig_tract,head and neck,HNSC,MSS/MSI-L,D/F12,Adherent
BB49-HNC,753532,aero_dig_tract,head and neck,HNSC,MSS/MSI-L,D/F12,Adherent
BHY,753535,aero_dig_tract,head and neck,HNSC,MSS/MSI-L,D/F12,Adherent
BICR10,1290724,aero_dig_tract,head and neck,HNSC,MSS/MSI-L,D/F12,Adherent
BICR22,1240121,aero_dig_tract,head and neck,HNSC,MSS/MSI-L,D/F12,Adherent
BICR31,1290725,aero_dig_tract,head and neck,HNSC,MSS/MSI-L,D/F12,Adherent
BICR78,1240122,aero_dig_tract,head and neck,HNSC,MSS/MSI-L,D/F12,Adherent
Ca9-22,753538,aero_dig_tract,head and neck,HNSC,MSS/MSI-L,D/F12,Adherent
CAL-27,910916,aero_dig_tract,head and neck,HNSC,MSS/MSI-L,D/F12,Adherent
CAL-33,753541,aero_dig_tract,head and neck,HNSC,MSS/MSI-L,D/F12,Adherent
Detroit562,906837,aero_dig_tract,head and neck,HNSC,MSS/MSI-L,D/F12,Adherent
DOK,910936,aero_dig_tract,head and neck,HNSC,MSS/MSI-L,D/F12,Adherent
FADU,906863,aero_dig_tract,head and neck,HNSC,MSS/MSI-L,D/F12,Adherent
H3118,1240140,aero_dig_tract,head and neck,,MSS/MSI-L,R,Adherent
HN,907059,aero_dig_tract,head and neck,HNSC,MSS/MSI-L,D/F12,Adherent
HO-1-N-1,924111,aero_dig_tract,head and neck,HNSC,MSS/MSI-L,D/F12+10,Adherent
HO-1-u-1,753561,aero_dig_tract,head and neck,HNSC,MSS/MSI-L,D/F12+10,Adherent
HSC-2,753562,aero_dig_tract,head and neck,HNSC,MSS/MSI-L,D/F12,Adherent
HSC-3,907061,aero_dig_tract,head and neck,HNSC,MSS/MSI-L,D/F12,Adherent
HSC-4,907062,aero_dig_tract,head and neck,HNSC,MSS/MSI-L,D/F12,Adherent
JHU-011,1240161,aero_dig_tract,head and neck,HNSC,MSS/MSI-L,R,Adherent
JHU-022,1240162,aero_dig_tract,head and neck,HNSC,MSS/MSI-L,R,Adherent
KON,1298215,aero_dig_tract,head and neck,HNSC,MSS/MSI-L,D/F12,Adherent
KOSC-2,753570,aero_dig_tract,head and neck,HNSC,MSS/MSI-L,R,Adherent
LB771-HNC,753583,aero_dig_tract,head and neck,HNSC,MSS/MSI-L,D/F12,Adherent
OSC-19,1298362,aero_dig_tract,head and neck,HNSC,MSS/MSI-L,D/F12,Adherent
OSC-20,1240196,aero_dig_tract,head and neck,HNSC,MSS/MSI-L,D/F12,Adherent
PCI-15A,1240204,aero_dig_tract,head and neck,HNSC,MSS/MSI-L,R,Adherent
PCI-30,1298529,aero_dig_tract,head and neck,HNSC,MSS/MSI-L,R,Adherent
PCI-38,1240205,aero_dig_tract,head and neck,HNSC,MSS/MSI-L,R,Adherent
PCI-4B,1298531,aero_dig_tract,head and neck,HNSC,MSS/MSI-L,R,Adherent
PCI-6A,1240206,aero_dig_tract,head and neck,HNSC,MSS/MSI-L,R,Adherent
PE/CA-PJ15,1240207,aero_dig_tract,head and neck,HNSC,MSS/MSI-L,D/F12,Adherent
RPMI-2650,909700,aero_dig_tract,head and neck,HNSC,MSS/MSI-L,D/F12,Adherent
SAS,909708,aero_dig_tract,head and neck,HNSC,MSS/MSI-L,D/F12,Adherent
SAT,1299050,aero_dig_tract,head and neck,HNSC,MSS/MSI-L,R,Adherent
SCC-15,910911,aero_dig_tract,head and neck,HNSC,MSS/MSI-L,D/F12,Adherent
SCC-25,910701,aero_dig_tract,head and neck,HNSC,MSS/MSI-L,D/F12,Adherent
SCC-4,910904,aero_dig_tract,head and neck,HNSC,MSS/MSI-L,D/F12+10,Adherent
SCC-9,909709,aero_dig_tract,head and neck,HNSC,MSS/MSI-L,D/F12,Adherent
SKN-3,1299059,aero_dig_tract,head and neck,HNSC,MSS/MSI-L,R,Adherent
COLO-680N,906817,aero_dig_tract,oesophagus,ESCA,MSS/MSI-L,R,Adherent
EC-GI-10,753555,aero_dig_tract,oesophagus,ESCA,MSS/MSI-L,D/F12,Adherent
ESO26,1503366,aero_dig_tract,oesophagus,ESCA,MSS/MSI-L,R,Adherent
ESO51,1503367,aero_dig_tract,oesophagus,ESCA,MSS/MSI-L,R,Semi-Adherent
FLO-1,1503361,aero_dig_tract,oesophagus,ESCA,MSS/MSI-L,R,Adherent
HCE-4,753559,aero_dig_tract,oesophagus,ESCA,MSS/MSI-L,D/F12,Adherent
KYAE-1,1503368,aero_dig_tract,oesophagus,ESCA,MSS/MSI-L,R,Suspension
KYSE-140,753573,aero_dig_tract,oesophagus,ESCA,MSS/MSI-L,R,Adherent
KYSE-150,907317,aero_dig_tract,oesophagus,ESCA,MSS/MSI-L,R,Adherent
KYSE-180,907318,aero_dig_tract,oesophagus,ESCA,MSS/MSI-L,R,Adherent
KYSE-220,1240167,aero_dig_tract,oesophagus,ESCA,MSS/MSI-L,R,Adherent
KYSE-270,907319,aero_dig_tract,oesophagus,ESCA,MSS/MSI-L,R,Adherent
KYSE-410,753574,aero_dig_tract,oesophagus,ESCA,MSS/MSI-L,R,Adherent
KYSE-450,907320,aero_dig_tract,oesophagus,ESCA,MSS/MSI-L,R,Adherent
KYSE-50,1298222,aero_dig_tract,oesophagus,ESCA,MSS/MSI-L,D/F12,Adherent
KYSE-510,907321,aero_dig_tract,oesophagus,ESCA,MSS/MSI-L,R,Adherent
KYSE-520,753575,aero_dig_tract,oesophagus,ESCA,MSS/MSI-L,R,Adherent
KYSE-70,753576,aero_dig_tract,oesophagus,ESCA,MSS/MSI-L,R,Adherent
OACM5-1,1503363,aero_dig_tract,oesophagus,ESCA,MSS/MSI-L,R,Semi-Adherent
OACp4C,1503362,aero_dig_tract,oesophagus,ESCA,MSS/MSI-L,R,Adherent
OE19,910079,aero_dig_tract,oesophagus,ESCA,MSS/MSI-L,R,Adherent
OE21,1298359,aero_dig_tract,oesophagus,ESCA,MSS/MSI-L,R,Adherent
OE33,910549,aero_dig_tract,oesophagus,ESCA,MSS/MSI-L,R,Adherent
SK-GT-4,1503365,aero_dig_tract,oesophagus,ESCA,MSS/MSI-L,R,Adherent
TE-1,753621,aero_dig_tract,oesophagus,ESCA,MSS/MSI-L,D/F12,Adherent
TE-10,753622,aero_dig_tract,oesophagus,ESCA,MSS/MSI-L,D/F12,Adherent
TE-11,946354,aero_dig_tract,oesophagus,ESCA,MSS/MSI-L,D/F12,Adherent
TE-12,946356,aero_dig_tract,oesophagus,ESCA,MSS/MSI-L,D/F12,Suspension
TE-15,753614,aero_dig_tract,oesophagus,ESCA,MSS/MSI-L,D/F12,Suspension
TE-4,1503371,aero_dig_tract,oesophagus,ESCA,MSS/MSI-L,R,Adherent
TE-5,735784,aero_dig_tract,oesophagus,ESCA,MSS/MSI-L,D/F12,Adherent
TE-6,946355,aero_dig_tract,oesophagus,ESCA,MSS/MSI-L,D/F12,Adherent
TE-8,753623,aero_dig_tract,oesophagus,ESCA,MSS/MSI-L,D/F12,Adherent
TE-9,946353,aero_dig_tract,oesophagus,ESCA,MSS/MSI-L,D/F12,Adherent
T-T,1299064,aero_dig_tract,oesophagus,ESCA,MSS/MSI-L,D/F12,Adherent
CESS,910688,leukemia,acute_myeloid_leukaemia,LAML,MSS/MSI-L,R,Suspension
CTV-1,753548,leukemia,acute_myeloid_leukaemia,LAML,MSI-H,R,Suspension
GDM-1,906870,leukemia,acute_myeloid_leukaemia,LAML,MSS/MSI-L,R,Suspension
HEL,907053,leukemia,acute_myeloid_leukaemia,LAML,MSS/MSI-L,R,Semi-Adherent
HL-60,905938,leukemia,acute_myeloid_leukaemia,LAML,MSS/MSI-L,D/F12,Suspension
KASUMI-1,907275,leukemia,acute_myeloid_leukaemia,LAML,MSS/MSI-L,R,Suspension
KG-1,907278,leukemia,acute_myeloid_leukaemia,LAML,MSS/MSI-L,D/F12,Suspension
KMOE-2,907280,leukemia,acute_myeloid_leukaemia,LAML,MSS/MSI-L,R,Suspension
ME-1,1330942,leukemia,acute_myeloid_leukaemia,LAML,MSS/MSI-L,R,Suspension
ML-2,908141,leukemia,acute_myeloid_leukaemia,LAML,MSS/MSI-L,R,Suspension
MOLM-13,1330947,leukemia,acute_myeloid_leukaemia,LAML,MSS/MSI-L,R,Suspension
MONO-MAC-6,908148,leukemia,acute_myeloid_leukaemia,LAML,MSS/MSI-L,R,Suspension
NKM-1,908448,leukemia,acute_myeloid_leukaemia,LAML,MSS/MSI-L,R,Suspension
NOMO-1,908451,leukemia,acute_myeloid_leukaemia,LAML,MSS/MSI-L,R,Suspension
OCI-AML2,910947,leukemia,acute_myeloid_leukaemia,LAML,MSS/MSI-L,D/F12,Suspension
OCI-AML3,1290455,leukemia,acute_myeloid_leukaemia,LAML,MSS/MSI-L,R,Suspension
OCI-AML5,1330983,leukemia,acute_myeloid_leukaemia,LAML,MSS/MSI-L,D/F12,Suspension
OCI-M1,1330985,leukemia,acute_myeloid_leukaemia,LAML,MSS/MSI-L,D/F12,Suspension
P31-FUJ,909253,leukemia,acute_myeloid_leukaemia,LAML,MSI-H,R,Suspension
PL-21,1330991,leukemia,acute_myeloid_leukaemia,LAML,MSS/MSI-L,R,Suspension
QIMR-WIL,910545,leukemia,acute_myeloid_leukaemia,LAML,MSS/MSI-L,D/F12,Suspension
SIG-M5,909715,leukemia,acute_myeloid_leukaemia,LAML,MSS/MSI-L,D/F12,Suspension
THP-1,909771,leukemia,acute_myeloid_leukaemia,LAML,MSS/MSI-L,R,Suspension
KARPAS-299,907273,lymphoma,anaplastic_large_cell_lymphoma,,MSS/MSI-L,R,Suspension
SU-DHL-1,909742,lymphoma,anaplastic_large_cell_lymphoma,,MSS/MSI-L,R,Suspension
SUP-M2,1331040,lymphoma,anaplastic_large_cell_lymphoma,,MSS/MSI-L,R,Suspension
BALL-1,910705,leukemia,B_cell_leukemia,,MSS/MSI-L,R,Suspension
KARPAS-231,1327774,leukemia,B_cell_leukemia,,MSS/MSI-L,R,Suspension
KOPN-8,1330933,leukemia,B_cell_leukemia,,MSS/MSI-L,R,Suspension
MHH-CALL-2,908132,leukemia,B_cell_leukemia,,MSS/MSI-L,R,Suspension
MHH-PREB-1,908136,leukemia,B_cell_leukemia,,MSI-H,R,Suspension
MN-60,908143,leukemia,B_cell_leukemia,,MSI-H,D/F12,Suspension
NALM-6,908158,leukemia,B_cell_leukemia,,MSI-H,R,Suspension
RCH-ACV,1330994,leukemia,B_cell_leukemia,,MSS/MSI-L,R,Suspension
REH,909696,leukemia,B_cell_leukemia,,MSI-H,R,Suspension
ROS-50,1331025,leukemia,B_cell_leukemia,,MSS/MSI-L,R,Suspension
SUP-B8,910209,leukemia,B_cell_leukemia,,MSS/MSI-L,R,Suspension
U-698-M,909777,leukemia,B_cell_leukemia,,MSS/MSI-L,R,Suspension
A3-KAW,910935,lymphoma,B_cell_lymphoma,DLBC,MSS/MSI-L,R,Suspension
A4-Fuk,910934,lymphoma,B_cell_lymphoma,DLBC,MSS/MSI-L,R,Suspension
BC-1,910919,lymphoma,B_cell_lymphoma,DLBC,MSS/MSI-L,R,Suspension
CRO-AP2,906807,lymphoma,B_cell_lymphoma,DLBC,MSS/MSI-L,R,Suspension
CTB-1,949088,lymphoma,B_cell_lymphoma,DLBC,MSS/MSI-L,R,Suspension
DB,906832,lymphoma,B_cell_lymphoma,DLBC,MSS/MSI-L,R,Suspension
DOHH-2,906842,lymphoma,B_cell_lymphoma,DLBC,MSS/MSI-L,R,Suspension
Farage,1297449,lymphoma,B_cell_lymphoma,DLBC,MSS/MSI-L,R,Suspension
GRANTA-519,1303897,lymphoma,B_cell_lymphoma,DLBC,MSS/MSI-L,D/F12,Suspension
JEKO-1,1327765,lymphoma,B_cell_lymphoma,DLBC,MSS/MSI-L,R,Suspension
JSC-1,1327769,lymphoma,B_cell_lymphoma,DLBC,MSS/MSI-L,R,Suspension
KARPAS-1106P,1327773,lymphoma,B_cell_lymphoma,DLBC,MSS/MSI-L,R,Suspension
KARPAS-422,907274,lymphoma,B_cell_lymphoma,DLBC,MSS/MSI-L,R,Suspension
MC116,907799,lymphoma,B_cell_lymphoma,DLBC,MSS/MSI-L,R,Suspension
NU-DUL-1,1330982,lymphoma,B_cell_lymphoma,DLBC,MSS/MSI-L,R,Suspension
OCI-LY-19,1330984,lymphoma,B_cell_lymphoma,DLBC,MSS/MSI-L,D/F12,Suspension
RC-K8,1330995,lymphoma,B_cell_lymphoma,DLBC,MSS/MSI-L,R,Suspension
RL,910861,lymphoma,B_cell_lymphoma,DLBC,MSS/MSI-L,R,Suspension
SCC-3,910930,lymphoma,B_cell_lymphoma,DLBC,MSS/MSI-L,R,Suspension
SLVL,1331032,lymphoma,B_cell_lymphoma,DLBC,MSS/MSI-L,R,Suspension
SU-DHL-10,1331033,lymphoma,B_cell_lymphoma,DLBC,MSS/MSI-L,R,Suspension
SU-DHL-16,1331034,lymphoma,B_cell_lymphoma,DLBC,MSS/MSI-L,R,Suspension
SU-DHL-4,1331035,lymphoma,B_cell_lymphoma,DLBC,MSS/MSI-L,R,Suspension
SU-DHL-5,1331036,lymphoma,B_cell_lymphoma,DLBC,MSS/MSI-L,R,Suspension
SU-DHL-6,1331037,lymphoma,B_cell_lymphoma,DLBC,MSS/MSI-L,R,Suspension
SU-DHL-8,1331038,lymphoma,B_cell_lymphoma,DLBC,MSS/MSI-L,R,Suspension
TK,1331045,lymphoma,B_cell_lymphoma,DLBC,MSS/MSI-L,R,Suspension
TUR,909773,lymphoma,B_cell_lymphoma,DLBC,MSI-H,R,Suspension
VAL,1331048,lymphoma,B_cell_lymphoma,DLBC,MSS/MSI-L,R,Suspension
WSU-DLCL2,1331050,lymphoma,B_cell_lymphoma,DLBC,MSS/MSI-L,R,Suspension
BL-41,910706,lymphoma,Burkitt_lymphoma,,MSS/MSI-L,R,Suspension
CA46,910703,lymphoma,Burkitt_lymphoma,,MSS/MSI-L,R,Suspension
Daudi,906831,lymphoma,Burkitt_lymphoma,,MSS/MSI-L,R,Suspension
DG-75,906838,lymphoma,Burkitt_lymphoma,,MSI-H,R,Suspension
EB2,906846,lymphoma,Burkitt_lymphoma,,MSS/MSI-L,R,Suspension
EB-3,906847,lymphoma,Burkitt_lymphoma,,MSS/MSI-L,R,Suspension
GA-10,1303896,lymphoma,Burkitt_lymphoma,,MSS/MSI-L,R,Suspension
JiyoyeP-2003,907268,lymphoma,Burkitt_lymphoma,,MSS/MSI-L,R,Suspension
NAMALWA,908159,lymphoma,Burkitt_lymphoma,,MSS/MSI-L,R,Suspension
P32-ISH,1330987,lymphoma,Burkitt_lymphoma,,MSS/MSI-L,R,Suspension
Raji,909262,lymphoma,Burkitt_lymphoma,,MSS/MSI-L,R,Suspension
Ramos-2G6-4C10,910401,lymphoma,Burkitt_lymphoma,,MSS/MSI-L,R,Suspension
ST486,910906,lymphoma,Burkitt_lymphoma,,MSS/MSI-L,R,Suspension
BV-173,910710,leukemia,chronic_myeloid_leukaemia,LCML,MSS/MSI-L,R,Suspension
CML-T1,910951,leukemia,chronic_myeloid_leukaemia,LCML,MSS/MSI-L,D/F12,Suspension
EM-2,906855,leukemia,chronic_myeloid_leukaemia,LCML,MSS/MSI-L,R,Suspension
JURL-MK1,1327771,leukemia,chronic_myeloid_leukaemia,LCML,MSS/MSI-L,R,Suspension
K-562,905940,leukemia,chronic_myeloid_leukaemia,LCML,MSS/MSI-L,D/F12,Suspension
KCL-22,1330931,leukemia,chronic_myeloid_leukaemia,LCML,MSI-H,R,Suspension
KU812,907311,leukemia,chronic_myeloid_leukaemia,LCML,MSS/MSI-L,R,Suspension
LAMA-84,907783,leukemia,chronic_myeloid_leukaemia,LCML,MSS/MSI-L,R,Suspension
MEG-01,908126,leukemia,chronic_myeloid_leukaemia,LCML,MSS/MSI-L,R,Suspension
RPMI-8866,910544,leukemia,chronic_myeloid_leukaemia,LCML,MSS/MSI-L,R,Suspension
AMO-1,1295741,myeloma,haematopoietic_neoplasm other,MM,MSS/MSI-L,R,Suspension
EoL-1-cell,906856,leukemia,haematopoietic_neoplasm other,,MSS/MSI-L,R,Suspension
JJN-3,1327766,myeloma,haematopoietic_neoplasm other,MM,MSS/MSI-L,D/F12,Suspension
KARPAS-620,1327775,myeloma,haematopoietic_neoplasm other,MM,MSS/MSI-L,R,Suspension
MC-CAR,683665,myeloma,haematopoietic_neoplasm other,MM,MSS/MSI-L,D/F12,Suspension
SKM-1,909722,leukemia,haematopoietic_neoplasm other,,MSS/MSI-L,R,Suspension
HC-1,907044,leukemia,hairy_cell_leukaemia,,MSS/MSI-L,R,Suspension
MLMA,908142,leukemia,hairy_cell_leukaemia,,MSS/MSI-L,R,Semi-Adherent
Mo-T,908149,leukemia,hairy_cell_leukaemia,,MSS/MSI-L,D/F12,Suspension
HDLM-2,924110,lymphoma,Hodgkin_lymphoma,,MSS/MSI-L,R,Suspension
HD-MY-Z,907050,lymphoma,Hodgkin_lymphoma,,MSS/MSI-L,R,Adherent
Hs-445,1322218,lymphoma,Hodgkin_lymphoma,,MSS/MSI-L,R,Suspension
KM-H2,909976,lymphoma,Hodgkin_lymphoma,,MSS/MSI-L,R,Suspension
L-1236,1330935,lymphoma,Hodgkin_lymphoma,,MSS/MSI-L,R,Suspension
L-428,907322,lymphoma,Hodgkin_lymphoma,,MSS/MSI-L,R,Suspension
L-540,907323,lymphoma,Hodgkin_lymphoma,,MSS/MSI-L,R,Suspension
RPMI-6666,909701,lymphoma,Hodgkin_lymphoma,,MSS/MSI-L,R,Suspension
SUP-HD1,1331039,lymphoma,Hodgkin_lymphoma,,MSS/MSI-L,R,Suspension
KY821,907300,leukemia,leukemia,LAML,MSS/MSI-L,R,Suspension
MV-4-11,908156,leukemia,leukemia,,MSS/MSI-L,D/F12,Suspension
RS4-11,909703,leukemia,leukemia,ALL,MSI-H,R,Suspension
697,906800,leukemia,lymphoblastic_leukemia,,MSS/MSI-L,R,Suspension
ALL-PO,910944,leukemia,lymphoblastic_leukemia,ALL,MSS/MSI-L,R,Suspension
BE-13,906763,leukemia,lymphoblastic_leukemia,ALL,MSS/MSI-L,R,Suspension
CCRF-CEM,905952,leukemia,lymphoblastic_leukemia,ALL,MSS/MSI-L,R,Suspension
GR-ST,906877,leukemia,lymphoblastic_leukemia,ALL,MSI-H,R,Suspension
HAL-01,949153,leukemia,lymphoblastic_leukemia,ALL,MSS/MSI-L,R,Suspension
KARPAS-45,907272,leukemia,lymphoblastic_leukemia,ALL,MSS/MSI-L,R,Suspension
KE-37,907277,leukemia,lymphoblastic_leukemia,ALL,MSS/MSI-L,R,Suspension
LC4-1,907787,leukemia,lymphoblastic_leukemia,ALL,MSS/MSI-L,R,Suspension
MOLT-4,905958,leukemia,lymphoblastic_leukemia,ALL,MSI-H,R,Suspension
P30-OHK,909252,leukemia,lymphoblastic_leukemia,ALL,MSI-H,R,Suspension
SUP-B15,1247871,leukemia,lymphoblastic_leukemia,ALL,MSS/MSI-L,D/F12,Suspension
ATN-1,910687,leukemia,lymphoblastic_T_cell_leukaemia,ALL,MSS/MSI-L,R,Suspension
LOUCY,907789,leukemia,lymphoblastic_T_cell_leukaemia,ALL,MSS/MSI-L,R,Suspension
MOLT-13,908146,leukemia,lymphoblastic_T_cell_leukaemia,ALL,MSI-H,R,Suspension
MOLT-16,908147,leukemia,lymphoblastic_T_cell_leukaemia,ALL,MSS/MSI-L,R,Suspension
P12-ICHIKAWA,909251,leukemia,lymphoblastic_T_cell_leukaemia,ALL,MSS/MSI-L,R,Suspension
PF-382,909260,leukemia,lymphoblastic_T_cell_leukaemia,ALL,MSS/MSI-L,R,Suspension
RPMI-8402,909702,leukemia,lymphoblastic_T_cell_leukaemia,ALL,MSS/MSI-L,R,Suspension
SUP-T1,909743,leukemia,lymphoblastic_T_cell_leukaemia,ALL,MSS/MSI-L,R,Suspension
DEL,906836,lymphoma,lymphoid_neoplasm other,,MSS/MSI-L,R,Suspension
EHEB,906854,lymphoma,lymphoid_neoplasm other,CLL,MSS/MSI-L,R,Suspension
EJM,1297447,myeloma,lymphoid_neoplasm other,MM,MSS/MSI-L,D/F12,Semi-Adherent
H9,907043,lymphoma,lymphoid_neoplasm other,,MSS/MSI-L,R,Suspension
JVM-2,907269,lymphoma,lymphoid_neoplasm other,CLL,MSS/MSI-L,R,Suspension
JVM-3,907270,lymphoma,lymphoid_neoplasm other,CLL,MSS/MSI-L,R,Suspension
SR,905965,lymphoma,lymphoid_neoplasm other,,MSS/MSI-L,R,Suspension
WIL2-NS,1331049,lymphoma,lymphoid_neoplasm other,,MSS/MSI-L,R,Suspension
WSU-NHL,909785,lymphoma,lymphoid_neoplasm other,,MSI-H,R,Suspension
YT,946358,lymphoma,lymphoid_neoplasm other,ALL,MSS/MSI-L,D/F12,Suspension
ARH-77,906765,myeloma,myeloma,MM,MSS/MSI-L,R,Suspension
IM-9,753563,myeloma,myeloma,MM,MSS/MSI-L,R,Suspension
KMS-12-BM,907281,myeloma,myeloma,MM,MSS/MSI-L,R,Suspension
L-363,924239,myeloma,myeloma,MM,MSS/MSI-L,R,Suspension
LP-1,907791,myeloma,myeloma,MM,MSS/MSI-L,D/F12,Suspension
MM1S,1659818,myeloma,myeloma,MM,MSS/MSI-L,R,Suspension
MOLP-8,1330950,myeloma,myeloma,MM,MSS/MSI-L,R,Suspension
NCI-H929,724825,myeloma,myeloma,MM,MSS/MSI-L,R,Suspension
OPM-2,909249,myeloma,myeloma,MM,MSS/MSI-L,R,Suspension
RPMI-8226,905964,myeloma,myeloma,MM,MSS/MSI-L,R,Suspension
SK-MM-2,753612,myeloma,myeloma,MM,MSS/MSI-L,R,Suspension
U-266,753615,myeloma,myeloma,MM,MSS/MSI-L,R,Semi-Adherent
ALL-SIL,1295740,leukemia,T_cell_leukemia,ALL,MSS/MSI-L,R,Suspension
DND-41,1297446,leukemia,T_cell_leukemia,ALL,MSI-H,R,Suspension
HH,907056,leukemia,T_cell_leukemia,,MSS/MSI-L,R,Suspension
Jurkat,998184,leukemia,T_cell_leukemia,ALL,MSI-H,R,Suspension
CS1,1290795,bone,bone_other,,MSS/MSI-L,R,Adherent
SJSA-1,909717,bone,bone_other,,MSS/MSI-L,R,Adherent
CAL-78,1290765,bone,chondrosarcoma,,MSS/MSI-L,R+10,Adherent
CHSA8926,1303912,bone,chondrosarcoma,,MSS/MSI-L,R,Adherent
H-EMC-SS,907290,bone,chondrosarcoma,,MSS/MSI-L,D/F12+10,Adherent
CADO-ES1,753539,bone,ewings_sarcoma,,MSS/MSI-L,R,Suspension
ES1,949158,bone,ewings_sarcoma,,MSS/MSI-L,R,Adherent
ES3,684055,bone,ewings_sarcoma,,MSS/MSI-L,R,Adherent
ES4,949156,bone,ewings_sarcoma,,MSS/MSI-L,R,Adherent
ES5,684057,bone,ewings_sarcoma,,MSS/MSI-L,R,Adherent
ES7,684059,bone,ewings_sarcoma,,MSS/MSI-L,R,Adherent
ES8,949155,bone,ewings_sarcoma,,MSS/MSI-L,R,Adherent
EW-1,949163,bone,ewings_sarcoma,,MSS/MSI-L,R,Semi-Adherent
EW-11,684062,bone,ewings_sarcoma,,MSS/MSI-L,R,Adherent
EW-12,949162,bone,ewings_sarcoma,,MSS/MSI-L,R,Suspension
EW-13,949166,bone,ewings_sarcoma,,MSS/MSI-L,R,Suspension
EW-16,949165,bone,ewings_sarcoma,,MSS/MSI-L,R,Adherent
EW-18,949164,bone,ewings_sarcoma,,MSS/MSI-L,R,Suspension
EW-22,949167,bone,ewings_sarcoma,,MSS/MSI-L,R,Adherent
EW-24,949168,bone,ewings_sarcoma,,MSS/MSI-L,R,Semi-Adherent
EW-3,949161,bone,ewings_sarcoma,,MSS/MSI-L,R,Adherent
EW-7,949160,bone,ewings_sarcoma,,MSS/MSI-L,R,Semi-Adherent
SK-ES-1,684072,bone,ewings_sarcoma,,MSS/MSI-L,R,Semi-Adherent
SK-PN-DW,909731,bone,ewings_sarcoma,,MSS/MSI-L,D/F12,Adherent
TC-71,1240221,bone,ewings_sarcoma,,MSS/MSI-L,D/F12,Adherent
CAL-72,906827,bone,osteosarcoma,,MSS/MSI-L,D/F12,Adherent
G-292 Clone A141B1,1290807,bone,osteosarcoma,,MSS/MSI-L,R,Adherent
HOS,907060,bone,osteosarcoma,,MSS/MSI-L,D/F12,Adherent
HuO-3N1,909977,bone,osteosarcoma,,MSS/MSI-L,R+10,Adherent
HuO9,907072,bone,osteosarcoma,,MSS/MSI-L,R,Adherent
MG-63,908131,bone,osteosarcoma,,MSS/MSI-L,D/F12,Adherent
NOS-1,925345,bone,osteosarcoma,,MSS/MSI-L,R,Adherent
NY,910849,bone,osteosarcoma,,MSS/MSI-L,D/F12,Adherent
Saos-2,909707,bone,osteosarcoma,,MSS/MSI-L,R,Adherent
U-2-OS,909776,bone,osteosarcoma,,MSS/MSI-L,R,Adherent
AU565,910704,breast,breast,BRCA,MSS/MSI-L,R,Adherent
BT-20,906801,breast,breast,BRCA,MSS/MSI-L,D/F12,Adherent
BT-474,946359,breast,breast,BRCA,MSS/MSI-L,R,Adherent
BT-483,949093,breast,breast,BRCA,MSS/MSI-L,R,Adherent
BT-549,905951,breast,breast,BRCA,MSS/MSI-L,R,Adherent
CAL-120,906826,breast,breast,BRCA,MSS/MSI-L,D/F12,Adherent
CAL-148,924106,breast,breast,BRCA,MSS/MSI-L,D/F12,Suspension
CAL-51,910927,breast,breast,BRCA,MSS/MSI-L,D/F12,Adherent
CAL-85-1,910852,breast,breast,BRCA,MSS/MSI-L,D/F12,Adherent
CAMA-1,946382,breast,breast,BRCA,MSS/MSI-L,D/F12,Adherent
COLO-824,906812,breast,breast,BRCA,MSS/MSI-L,R,Adherent
DU-4475,906844,breast,breast,BRCA,MSS/MSI-L,R,Suspension
EFM-19,906851,breast,breast,BRCA,MSS/MSI-L,R,Adherent
EFM-192A,1290798,breast,breast,BRCA,MSS/MSI-L,R,Adherent
EVSA-T,906862,breast,breast,BRCA,MSS/MSI-L,D/F12,Adherent
HCC1143,749710,breast,breast,BRCA,MSS/MSI-L,R,Adherent
HCC1187,749711,breast,breast,BRCA,MSS/MSI-L,R,Suspension
HCC1395,749712,breast,breast,BRCA,MSS/MSI-L,R,Adherent
HCC1419,907045,breast,breast,BRCA,MSS/MSI-L,R,Adherent
HCC1428,1290905,breast,breast,BRCA,MSS/MSI-L,R,Adherent
HCC1500,1303900,breast,breast,BRCA,MSS/MSI-L,R,Adherent
HCC1569,907046,breast,breast,BRCA,MSI-H,R,Adherent
HCC1599,749713,breast,breast,BRCA,MSS/MSI-L,R,Suspension
HCC1806,907047,breast,breast,,MSS/MSI-L,R,Adherent
HCC1937,749714,breast,breast,BRCA,MSS/MSI-L,R,Adherent
HCC1954,749709,breast,breast,BRCA,MSS/MSI-L,R,Adherent
HCC202,1290906,breast,breast,BRCA,MSS/MSI-L,R,Adherent
HCC2157,749715,breast,breast,BRCA,MSS/MSI-L,D/F12,Suspension
HCC2218,749716,breast,breast,BRCA,MSS/MSI-L,R,Suspension
HCC38,749717,breast,breast,BRCA,MSS/MSI-L,R,Adherent
HCC70,907048,breast,breast,BRCA,MSS/MSI-L,R,Adherent
HDQ-P1,1290922,breast,breast,BRCA,MSS/MSI-L,D/F12,Adherent
Hs-578-T,905957,breast,breast,BRCA,MSS/MSI-L,D/F12,Adherent
MCF7,905946,breast,breast,BRCA,MSS/MSI-L,D/F12,Adherent
MDA-MB-157,925338,breast,breast,BRCA,MSS/MSI-L,D/F12,Adherent
MDA-MB-231,905960,breast,breast,BRCA,MSS/MSI-L,D/F12,Adherent
MDA-MB-330,1330941,breast,breast,BRCA,MSS/MSI-L,D/F12,Adherent
MDA-MB-361,908121,breast,breast,BRCA,MSS/MSI-L,D/F12+10,Adherent
MDA-MB-415,924240,breast,breast,BRCA,MSS/MSI-L,D/F12,Adherent
MDA-MB-436,1240172,breast,breast,BRCA,MSS/MSI-L,D/F12,Adherent
MDA-MB-453,908122,breast,breast,BRCA,MSS/MSI-L,D/F12,Adherent
MDA-MB-468,908123,breast,breast,BRCA,MSS/MSI-L,D/F12,Adherent
MFM-223,910948,breast,breast,BRCA,MSS/MSI-L,D/F12,Adherent
MRK-nu-1,908151,breast,breast,BRCA,MSS/MSI-L,D/F12,Suspension
OCUB-M,909256,breast,breast,BRCA,MSS/MSI-L,D/F12,Adherent
T47D,905945,breast,breast,BRCA,MSS/MSI-L,R,Adherent
UACC-812,910910,breast,breast,BRCA,MSS/MSI-L,D/F12,Adherent
UACC-893,909778,breast,breast,BRCA,MSS/MSI-L,D/F12,Adherent
ZR-75-30,909907,breast,breast,BRCA,MSS/MSI-L,R,Adherent
EGI-1,906853,digestive_system,biliary_tract,,MSS/MSI-L,D/F12,Adherent
ETK-1,906861,digestive_system,biliary_tract,,MSS/MSI-L,R,Adherent
HuCCT1,907069,digestive_system,biliary_tract,,MSS/MSI-L,R,Adherent
TGBC1TKB,909769,digestive_system,biliary_tract,,MSS/MSI-L,D/F12,Adherent
TGBC24TKB,910695,digestive_system,biliary_tract,,MSS/MSI-L,D/F12,Adherent
HUTU-80,907073,digestive_system,digestive_system_other,,MSS/MSI-L,D/F12,Adherent
C2BBe1,910700,large_intestine,large_intestine,COAD/READ,MSS/MSI-L,D/F12,Adherent
CaR-1,924108,large_intestine,large_intestine,COAD/READ,MSS/MSI-L,D/F12,Adherent
CCK-81,1240123,large_intestine,large_intestine,COAD/READ,MSI-H,R,Adherent
CL-11,1290769,large_intestine,large_intestine,COAD/READ,MSS/MSI-L,D/F12,Adherent
CL-40,1240124,large_intestine,large_intestine,COAD/READ,MSS/MSI-L,D/F12,Adherent
COLO-205,905961,large_intestine,large_intestine,COAD/READ,MSS/MSI-L,R,Suspension
COLO-320-HSR,910569,large_intestine,large_intestine,COAD/READ,MSS/MSI-L,R,Suspension
COLO-678,910689,large_intestine,large_intestine,COAD/READ,MSS/MSI-L,R,Semi-Adherent
CW-2,910554,large_intestine,large_intestine,COAD/READ,MSI-H,R,Adherent
GP5d,907291,large_intestine,large_intestine,COAD/READ,MSI-H,D/F12,Adherent
HCC2998,905971,large_intestine,large_intestine,COAD/READ,MSS/MSI-L,R,Adherent
HCC-56,1290907,large_intestine,large_intestine,COAD/READ,MSS/MSI-L,R,Adherent
HCT-116,905936,large_intestine,large_intestine,COAD/READ,MSI-H,R,Adherent
HCT-15,905937,large_intestine,large_intestine,COAD/READ,MSI-H,R,Adherent
HT-115,907289,large_intestine,large_intestine,COAD/READ,MSS/MSI-L,D/F12,Adherent
HT-29,905939,large_intestine,large_intestine,COAD/READ,MSS/MSI-L,R,Adherent
HT55,907287,large_intestine,large_intestine,COAD/READ,MSS/MSI-L,D/F12,Adherent
KM12,905989,large_intestine,large_intestine,COAD/READ,MSI-H,R,Adherent
LoVo,907790,large_intestine,large_intestine,COAD/READ,MSI-H,D/F12,Adherent
LS-1034,917486,large_intestine,large_intestine,COAD/READ,MSS/MSI-L,R,Adherent
LS-123,907792,large_intestine,large_intestine,COAD/READ,MSS/MSI-L,D/F12,Adherent
LS-180,998189,large_intestine,large_intestine,COAD/READ,MSI-H,D/F12,Adherent
LS-411N,907794,large_intestine,large_intestine,COAD/READ,MSI-H,R,Adherent
LS-513,907795,large_intestine,large_intestine,COAD/READ,MSS/MSI-L,R,Adherent
MDST8,1240173,large_intestine,large_intestine,COAD/READ,MSS/MSI-L,R,Adherent
NCI-H630,908482,large_intestine,large_intestine,COAD/READ,MSI-H,D/F12,Adherent
NCI-H716,908458,large_intestine,large_intestine,COAD/READ,MSS/MSI-L,R,Suspension
NCI-H747,908457,large_intestine,large_intestine,COAD/READ,MSS/MSI-L,R,Adherent
RCM-1,909263,large_intestine,large_intestine,COAD/READ,MSS/MSI-L,R,Adherent
RKO,909698,large_intestine,large_intestine,COAD/READ,MSI-H,D/F12,Adherent
SK-CO-1,909718,large_intestine,large_intestine,COAD/READ,MSS/MSI-L,R,Adherent
SNU-1040,1659823,large_intestine,large_intestine,COAD/READ,MSS/MSI-L,R,Adherent
SNU-175,1659928,large_intestine,large_intestine,COAD/READ,MSI-H,R,Suspension
SNU-407,1660034,large_intestine,large_intestine,COAD/READ,MSI-H,R,Adherent
SNU-61,1660035,large_intestine,large_intestine,COAD/READ,MSS/MSI-L,R,Adherent
SNU-81,1660036,large_intestine,large_intestine,COAD/READ,MSS/MSI-L,R,Adherent
SNU-C1,910905,large_intestine,large_intestine,COAD/READ,MSS/MSI-L,R,Suspension
SNU-C2B,909740,large_intestine,large_intestine,COAD/READ,MSI-H,R,Adherent
SNU-C5,1674021,large_intestine,large_intestine,COAD/READ,MSI-H,R,Adherent
SW1116,909746,large_intestine,large_intestine,COAD/READ,MSS/MSI-L,D/F12,Adherent
SW1417,909747,large_intestine,large_intestine,COAD/READ,MSS/MSI-L,D/F12,Adherent
SW1463,909748,large_intestine,large_intestine,COAD/READ,MSS/MSI-L,D/F12,Adherent
SW48,909751,large_intestine,large_intestine,COAD/READ,MSI-H,D/F12,Adherent
SW837,909755,large_intestine,large_intestine,COAD/READ,MSS/MSI-L,D/F12,Adherent
SW948,909757,large_intestine,large_intestine,COAD/READ,MSS/MSI-L,D/F12,Adherent
T84,909761,large_intestine,large_intestine,COAD/READ,MSS/MSI-L,D/F12,Adherent
C3A,910850,digestive_system,liver,LIHC,MSS/MSI-L,D/F12,Adherent
Hep 3B2_1-7,1240147,digestive_system,liver,LIHC,MSS/MSI-L,D/F12+10,Adherent
HLE,907057,digestive_system,liver,LIHC,MSS/MSI-L,D/F12,Adherent
huH-1,1298146,digestive_system,liver,LIHC,MSS/MSI-L,D/F12,Adherent
HuH-7,907071,digestive_system,liver,LIHC,MSS/MSI-L,D/F12+10,Adherent
JHH-1,1298151,digestive_system,liver,LIHC,MSS/MSI-L,D/F12,Adherent
JHH-6,1240159,digestive_system,liver,LIHC,MSS/MSI-L,D/F12,Adherent
JHH-7,1240160,digestive_system,liver,LIHC,MSS/MSI-L,D/F12,Adherent
SK-HEP-1,909719,digestive_system,liver,LIHC,MSS/MSI-L,D/F12,Adherent
SNU-182,1240216,digestive_system,liver,LIHC,MSS/MSI-L,R,Adherent
SNU-387,909736,digestive_system,liver,LIHC,MSS/MSI-L,R,Adherent
SNU-398,1240217,digestive_system,liver,LIHC,MSS/MSI-L,R,Adherent
SNU-423,909737,digestive_system,liver,LIHC,MSS/MSI-L,R,Adherent
SNU-449,909738,digestive_system,liver,LIHC,MSS/MSI-L,R,Adherent
SNU-475,909739,digestive_system,liver,LIHC,MSS/MSI-L,R,Adherent
23132-87,910924,digestive_system,stomach,STAD,MSI-H,R,Adherent
AGS,906790,digestive_system,stomach,STAD,MSS/MSI-L,D/F12,Adherent
ECC10,906848,digestive_system,stomach,,MSS/MSI-L,R,Suspension
ECC12,906849,digestive_system,stomach,,MSS/MSI-L,R,Suspension
FU97,1290806,digestive_system,stomach,STAD,MSS/MSI-L,D/F12,Adherent
GCIY,906869,digestive_system,stomach,STAD,MSS/MSI-L,D/F12,Adherent
GT3TKB,907041,digestive_system,stomach,STAD,MSS/MSI-L,D/F12,Adherent
HGC-27,907055,digestive_system,stomach,STAD,MSS/MSI-L,D/F12,Adherent
Hs746T,1240151,digestive_system,stomach,STAD,MSS/MSI-L,D/F12,Adherent
HSC-39,1322224,digestive_system,stomach,STAD,MSS/MSI-L,D/F12,Suspension
IM-95,1240155,digestive_system,stomach,STAD,MSS/MSI-L,R,Adherent
KATOIII,907276,digestive_system,stomach,STAD,MSS/MSI-L,D/F12,Semi-Adherent
MKN1,908138,digestive_system,stomach,,MSS/MSI-L,R,Adherent
MKN28,908139,digestive_system,stomach,STAD,MSS/MSI-L,R,Adherent
MKN45,925340,digestive_system,stomach,STAD,MSS/MSI-L,R,Adherent
MKN7,924250,digestive_system,stomach,STAD,MSS/MSI-L,R,Adherent
NCI-N87,908461,digestive_system,stomach,STAD,MSS/MSI-L,R,Adherent
NCI-SNU-1,908444,digestive_system,stomach,STAD,MSI-H,R,Suspension
NCI-SNU-16,908446,digestive_system,stomach,STAD,MSS/MSI-L,R,Suspension
NCI-SNU-5,908445,digestive_system,stomach,STAD,MSS/MSI-L,D/F12,Suspension
NUGC-3,908455,digestive_system,stomach,STAD,MSI-H,R,Adherent
NUGC-4,1298357,digestive_system,stomach,STAD,MSS/MSI-L,R,Adherent
OCUM-1,1298358,digestive_system,stomach,STAD,MSS/MSI-L,D/F12,Adherent
RERF-GC-1B,1240209,digestive_system,stomach,STAD,MSS/MSI-L,R,Adherent
RF-48,909697,digestive_system,stomach,STAD,MSS/MSI-L,D/F12,Adherent
SCH,909711,digestive_system,stomach,,MSS/MSI-L,R,Adherent
SK-GT-2,1503364,digestive_system,stomach,STAD,MSS/MSI-L,R,Adherent
TGBC11TKB,909770,digestive_system,stomach,STAD,MSI-H,D/F12,Adherent
SW13,909744,kidney,adrenal_gland,ACC,MSS/MSI-L,D/F12,Adherent
769-P,910922,kidney,kidney,KIRC,MSS/MSI-L,R,Adherent
786-0,905947,kidney,kidney,KIRC,MSS/MSI-L,R,Adherent
A498,905948,kidney,kidney,KIRC,MSS/MSI-L,D/F12,Adherent
A704,910920,kidney,kidney,KIRC,MSS/MSI-L,D/F12,Adherent
ACHN,905950,kidney,kidney,KIRC,MSS/MSI-L,R,Adherent
BB65-RCC,753533,kidney,kidney,KIRC,MSS/MSI-L,D/F12,Adherent
BFTC-909,910698,kidney,kidney,KIRC,MSS/MSI-L,D/F12,Adherent
CAKI-1,905963,kidney,kidney,KIRC,MSS/MSI-L,R,Adherent
CAL-54,910952,kidney,kidney,KIRC,MSS/MSI-L,D/F12,Adherent
G-401,907299,kidney,kidney,,MSS/MSI-L,R,Adherent
HA7-RCC,753558,kidney,kidney,KIRC,MSS/MSI-L,D/F12,Adherent
KMRC-1,1298168,kidney,kidney,KIRC,MSS/MSI-L,D/F12,Adherent
KMRC-20,1298169,kidney,kidney,KIRC,MSS/MSI-L,D/F12,Adherent
LB1047-RCC,753577,kidney,kidney,KIRC,MSI-H,D/F12,Adherent
LB2241-RCC,753578,kidney,kidney,KIRC,MSS/MSI-L,D/F12,Adherent
LB996-RCC,753585,kidney,kidney,KIRC,MSS/MSI-L,D/F12,Adherent
NCC010,1509073,kidney,kidney,KIRC,MSS/MSI-L,R,Adherent
NCC021,1509074,kidney,kidney,KIRC,MSS/MSI-L,D/F12,Adherent
OS-RC-2,909250,kidney,kidney,KIRC,MSS/MSI-L,R,Adherent
RCC10RGB,909974,kidney,kidney,KIRC,MSS/MSI-L,D/F12,Adherent
RCC-AB,1524418,kidney,kidney,KIRC,MSS/MSI-L,D/F12,Adherent
RCC-ER,1524417,kidney,kidney,KIRC,MSS/MSI-L,D/F12,Adherent
RCC-FG2,1524414,kidney,kidney,KIRC,MSS/MSI-L,D/F12,Adherent
RCC-JW,1524416,kidney,kidney,KIRC,MSS/MSI-L,D/F12,Adherent
RCC-MF,1524419,kidney,kidney,KIRC,MSS/MSI-L,D/F12,Adherent
RXF393,905978,kidney,kidney,KIRC,MSS/MSI-L,R,Adherent
SN12C,905979,kidney,kidney,KIRC,MSS/MSI-L,D/F12,Adherent
TK10,905980,kidney,kidney,KIRC,MSS/MSI-L,R,Adherent
U031,905981,kidney,kidney,KIRC,MSS/MSI-L,R,Adherent
VMRC-RCZ,909781,kidney,kidney,KIRC,MSS/MSI-L,D/F12,Adherent
201T,1287381,lung_NSCLC,lung_NSCLC_adenocarcinoma,LUAD,MSS/MSI-L,R,Adherent
A549,905949,lung_NSCLC,lung_NSCLC_adenocarcinoma,LUAD,MSS/MSI-L,D/F12,Adherent
ABC-1,906791,lung_NSCLC,lung_NSCLC_adenocarcinoma,LUAD,MSS/MSI-L,D/F12,Adherent
Calu-3,687777,lung_NSCLC,lung_NSCLC_adenocarcinoma,LUAD,MSS/MSI-L,D/F12,Adherent
Calu-6,724859,lung_NSCLC,lung_NSCLC_adenocarcinoma,LUAD,MSS/MSI-L,D/F12,Adherent
COR-L105,906805,lung_NSCLC,lung_NSCLC_adenocarcinoma,LUAD,MSS/MSI-L,R,Adherent
EKVX,905970,lung_NSCLC,lung_NSCLC_adenocarcinoma,LUAD,MSS/MSI-L,D/F12,Adherent
EMC-BAC-1,1503369,lung_NSCLC,lung_NSCLC_adenocarcinoma,LUAD,MSS/MSI-L,R,Adherent
EMC-BAC-2,1503370,lung_NSCLC,lung_NSCLC_adenocarcinoma,LUAD,MSS/MSI-L,R,Adherent
H3255,1247873,lung_NSCLC,lung_NSCLC_adenocarcinoma,LUAD,MSS/MSI-L,R,Adherent
HCC-44,1240145,lung_NSCLC,lung_NSCLC_adenocarcinoma,LUAD,MSS/MSI-L,R,Adherent
HCC-78,1290908,lung_NSCLC,lung_NSCLC_adenocarcinoma,LUAD,MSS/MSI-L,R,Adherent
HCC-827,1240146,lung_NSCLC,lung_NSCLC_adenocarcinoma,LUAD,MSS/MSI-L,R,Adherent
LC-2-ad,907786,lung_NSCLC,lung_NSCLC_adenocarcinoma,LUAD,MSS/MSI-L,R,Adherent
LXF-289,753592,lung_NSCLC,lung_NSCLC_adenocarcinoma,LUAD,MSS/MSI-L,D/F12,Adherent
NCI-H1355,724866,lung_NSCLC,lung_NSCLC_adenocarcinoma,LUAD,MSS/MSI-L,D/F12,Adherent
NCI-H1395,684681,lung_NSCLC,lung_NSCLC_adenocarcinoma,LUAD,MSS/MSI-L,R,Adherent
NCI-H1435,1298347,lung_NSCLC,lung_NSCLC_adenocarcinoma,LUAD,MSS/MSI-L,D/F12,Semi-Adherent
NCI-H1563,753600,lung_NSCLC,lung_NSCLC_adenocarcinoma,LUAD,MSS/MSI-L,R,Adherent
NCI-H1568,1298348,lung_NSCLC,lung_NSCLC_adenocarcinoma,LUAD,MSS/MSI-L,R,Adherent
NCI-H1573,908472,lung_NSCLC,lung_NSCLC_adenocarcinoma,LUAD,MSS/MSI-L,D/F12,Adherent
NCI-H1623,687798,lung_NSCLC,lung_NSCLC_adenocarcinoma,LUAD,MSS/MSI-L,D/F12,Adherent
NCI-H1648,687799,lung_NSCLC,lung_NSCLC_adenocarcinoma,LUAD,MSS/MSI-L,D/F12,Adherent
NCI-H1650,687800,lung_NSCLC,lung_NSCLC_adenocarcinoma,LUAD,MSS/MSI-L,R,Adherent
NCI-H1651,910900,lung_NSCLC,lung_NSCLC_adenocarcinoma,LUAD,MSS/MSI-L,D/F12,Adherent
NCI-H1666,908473,lung_NSCLC,lung_NSCLC_adenocarcinoma,LUAD,MSS/MSI-L,D/F12,Semi-Adherent
NCI-H1693,687802,lung_NSCLC,lung_NSCLC_adenocarcinoma,LUAD,MSS/MSI-L,R+10,Adherent
NCI-H1703,908474,lung_NSCLC,lung_NSCLC_adenocarcinoma,,MSS/MSI-L,R,Adherent
NCI-H1734,722058,lung_NSCLC,lung_NSCLC_adenocarcinoma,LUAD,MSS/MSI-L,R,Adherent
NCI-H1755,908475,lung_NSCLC,lung_NSCLC_adenocarcinoma,LUAD,MSS/MSI-L,R,Adherent
NCI-H1781,1298350,lung_NSCLC,lung_NSCLC_adenocarcinoma,LUAD,MSS/MSI-L,R,Adherent
NCI-H1792,724868,lung_NSCLC,lung_NSCLC_adenocarcinoma,LUAD,MSS/MSI-L,R,Adherent
NCI-H1793,908463,lung_NSCLC,lung_NSCLC_adenocarcinoma,LUAD,MSS/MSI-L,D/F12,Adherent
NCI-H1838,687807,lung_NSCLC,lung_NSCLC_adenocarcinoma,LUAD,MSS/MSI-L,R,Adherent
NCI-H1944,1240185,lung_NSCLC,lung_NSCLC_adenocarcinoma,LUAD,MSS/MSI-L,D/F12,Adherent
NCI-H1975,924244,lung_NSCLC,lung_NSCLC_adenocarcinoma,LUAD,MSS/MSI-L,R,Adherent
NCI-H1993,908476,lung_NSCLC,lung_NSCLC_adenocarcinoma,LUAD,MSS/MSI-L,R,Adherent
NCI-H2009,724873,lung_NSCLC,lung_NSCLC_adenocarcinoma,LUAD,MSS/MSI-L,D/F12,Adherent
NCI-H2023,1240187,lung_NSCLC,lung_NSCLC_adenocarcinoma,LUAD,MSS/MSI-L,R,Adherent
NCI-H2030,722045,lung_NSCLC,lung_NSCLC_adenocarcinoma,LUAD,MSS/MSI-L,R,Adherent
NCI-H2085,687812,lung_NSCLC,lung_NSCLC_adenocarcinoma,LUAD,MSS/MSI-L,D/F12,Adherent
NCI-H2087,724834,lung_NSCLC,lung_NSCLC_adenocarcinoma,LUAD,MSS/MSI-L,D/F12,Semi-Adherent
NCI-H2122,722046,lung_NSCLC,lung_NSCLC_adenocarcinoma,LUAD,MSS/MSI-L,R,Adherent
NCI-H2228,687816,lung_NSCLC,lung_NSCLC_adenocarcinoma,LUAD,MSS/MSI-L,R,Adherent
NCI-H2291,724874,lung_NSCLC,lung_NSCLC_adenocarcinoma,LUAD,MSS/MSI-L,R,Adherent
NCI-H23,905942,lung_NSCLC,lung_NSCLC_adenocarcinoma,LUAD,MSS/MSI-L,R,Adherent
NCI-H2342,687819,lung_NSCLC,lung_NSCLC_adenocarcinoma,LUAD,MSS/MSI-L,D/F12,Adherent
NCI-H2347,687820,lung_NSCLC,lung_NSCLC_adenocarcinoma,LUAD,MSS/MSI-L,R,Adherent
NCI-H2405,687821,lung_NSCLC,lung_NSCLC_adenocarcinoma,LUAD,MSS/MSI-L,D/F12,Adherent
NCI-H292,753604,lung_NSCLC,lung_NSCLC_adenocarcinoma,,MSS/MSI-L,R,Adherent
NCI-H3122,1240190,lung_NSCLC,lung_NSCLC_adenocarcinoma,LUAD,MSS/MSI-L,R,Adherent
NCI-H322M,905967,lung_NSCLC,lung_NSCLC_adenocarcinoma,LUAD,MSS/MSI-L,R,Suspension
NCI-H358,908465,lung_NSCLC,lung_NSCLC_adenocarcinoma,LUAD,MSS/MSI-L,R,Adherent
NCI-H441,908460,lung_NSCLC,lung_NSCLC_adenocarcinoma,LUAD,MSS/MSI-L,R,Adherent
NCI-H522,905944,lung_NSCLC,lung_NSCLC_adenocarcinoma,LUAD,MSS/MSI-L,R,Adherent
NCI-H596,908459,lung_NSCLC,lung_NSCLC_adenocarcinoma,,MSS/MSI-L,R,Adherent
NCI-H650,722066,lung_NSCLC,lung_NSCLC_adenocarcinoma,LUAD,MSS/MSI-L,D/F12,Adherent
NCI-H838,910399,lung_NSCLC,lung_NSCLC_adenocarcinoma,LUAD,MSS/MSI-L,R,Adherent
PC-14,753608,lung_NSCLC,lung_NSCLC_adenocarcinoma,LUAD,MSS/MSI-L,R,Adherent
RERF-LC-KJ,1298537,lung_NSCLC,lung_NSCLC_adenocarcinoma,LUAD,MSS/MSI-L,R,Adherent
RERF-LC-MS,910931,lung_NSCLC,lung_NSCLC_adenocarcinoma,LUAD,MSS/MSI-L,D/F12,Adherent
SK-LU-1,909721,lung_NSCLC,lung_NSCLC_adenocarcinoma,LUAD,MSS/MSI-L,D/F12,Adherent
SW1573,724878,lung_NSCLC,lung_NSCLC_adenocarcinoma,LUAD,MSS/MSI-L,D/F12,Adherent
NCI-H720,687600,lung_NSCLC,lung_NSCLC_carcinoid,,MSS/MSI-L,D/F12,Suspension
NCI-H727,724855,lung_NSCLC,lung_NSCLC_carcinoid,,MSS/MSI-L,R,Adherent
NCI-H835,753607,lung_NSCLC,lung_NSCLC_carcinoid,,MSS/MSI-L,R,Suspension
UMC-11,909779,lung_NSCLC,lung_NSCLC_carcinoid,,MSS/MSI-L,D/F12,Adherent
COR-L23,687780,lung_NSCLC,lung_NSCLC_large cell,,MSS/MSI-L,R,Adherent
HOP-92,905973,lung_NSCLC,lung_NSCLC_large cell,,MSS/MSI-L,D/F12+10,Adherent
IA-LM,910779,lung_NSCLC,lung_NSCLC_large cell,,MSS/MSI-L,D/F12,Adherent
LCLC-103H,753586,lung_NSCLC,lung_NSCLC_large cell,,MSS/MSI-L,R,Adherent
LCLC-97TM1,946361,lung_NSCLC,lung_NSCLC_large cell,,MSS/MSI-L,R,Adherent
LU-65,724863,lung_NSCLC,lung_NSCLC_large cell,,MSS/MSI-L,R,Suspension
LU-99A,907796,lung_NSCLC,lung_NSCLC_large cell,,MSS/MSI-L,R,Adherent
NCI-H1155,908467,lung_NSCLC,lung_NSCLC_large cell,,MSS/MSI-L,D/F12,Suspension
NCI-H1299,724831,lung_NSCLC,lung_NSCLC_large cell,,MSS/MSI-L,R,Adherent
NCI-H1581,908471,lung_NSCLC,lung_NSCLC_large cell,,MSS/MSI-L,D/F12,Semi-Adherent
NCI-H1915,1240184,lung_NSCLC,lung_NSCLC_large cell,,MSS/MSI-L,R,Adherent
NCI-H661,687829,lung_NSCLC,lung_NSCLC_large cell,,MSS/MSI-L,R,Adherent
NCI-H810,925341,lung_NSCLC,lung_NSCLC_large cell,,MSS/MSI-L,D/F12,Adherent
A427,910851,lung_NSCLC,lung_NSCLC_not specified,,MSS/MSI-L,D/F12,Adherent
BEN,753534,lung_NSCLC,lung_NSCLC_not specified,,MSS/MSI-L,D/F12,Adherent
CAL-12T,753540,lung_NSCLC,lung_NSCLC_not specified,,MSS/MSI-L,D/F12,Adherent
ChaGo-K-1,687596,lung_NSCLC,lung_NSCLC_not specified,,MSS/MSI-L,R,Adherent
HCC-366,1240144,lung_NSCLC,lung_NSCLC_not specified,,MSS/MSI-L,R,Adherent
NCI-H1770,687804,lung_NSCLC,lung_NSCLC_not specified,,MSS/MSI-L,D/F12,Suspension
NCI-H2110,1298351,lung_NSCLC,lung_NSCLC_not specified,,MSS/MSI-L,R,Adherent
NCI-H2135,1298352,lung_NSCLC,lung_NSCLC_not specified,,MSS/MSI-L,D/F12,Adherent
NCI-H2172,1298353,lung_NSCLC,lung_NSCLC_not specified,,MSS/MSI-L,R,Adherent
NCI-H2444,1298356,lung_NSCLC,lung_NSCLC_not specified,,MSS/MSI-L,R,Adherent
NCI-H647,1240191,lung_NSCLC,lung_NSCLC_not specified,,MSS/MSI-L,R,Adherent
EBC-1,753554,lung_NSCLC,lung_NSCLC_squamous_cell_carcinoma,LUSC,MSS/MSI-L,D/F12,Adherent
EPLC-272H,753556,lung_NSCLC,lung_NSCLC_squamous_cell_carcinoma,LUSC,MSS/MSI-L,R+10,Adherent
HARA,1240142,lung_NSCLC,lung_NSCLC_squamous_cell_carcinoma,LUSC,MSS/MSI-L,R,Adherent
HCC-15,1240143,lung_NSCLC,lung_NSCLC_squamous_cell_carcinoma,LUSC,MSS/MSI-L,D/F12,Adherent
KNS-62,753569,lung_NSCLC,lung_NSCLC_squamous_cell_carcinoma,LUSC,MSS/MSI-L,D/F12,Adherent
LC-1-sq,1298223,lung_NSCLC,lung_NSCLC_squamous_cell_carcinoma,LUSC,MSS/MSI-L,R,Adherent
LK-2,687787,lung_NSCLC,lung_NSCLC_squamous_cell_carcinoma,LUSC,MSS/MSI-L,R,Adherent
LOU-NH91,1298226,lung_NSCLC,lung_NSCLC_squamous_cell_carcinoma,LUSC,MSS/MSI-L,R,Adherent
NCI-H1869,1240183,lung_NSCLC,lung_NSCLC_squamous_cell_carcinoma,LUSC,MSS/MSI-L,D/F12,Adherent
NCI-H2170,687815,lung_NSCLC,lung_NSCLC_squamous_cell_carcinoma,LUSC,MSS/MSI-L,R,Adherent
NCI-H226,905941,lung_NSCLC,lung_NSCLC_squamous_cell_carcinoma,LUSC,MSS/MSI-L,R,Adherent
NCI-H520,908443,lung_NSCLC,lung_NSCLC_squamous_cell_carcinoma,LUSC,MSS/MSI-L,R,Adherent
RERF-LC-Sq1,1298538,lung_NSCLC,lung_NSCLC_squamous_cell_carcinoma,LUSC,MSS/MSI-L,R,Adherent
SK-MES-1,909728,lung_NSCLC,lung_NSCLC_squamous_cell_carcinoma,LUSC,MSS/MSI-L,D/F12,Adherent
SW900,724879,lung_NSCLC,lung_NSCLC_squamous_cell_carcinoma,LUSC,MSS/MSI-L,R,Adherent
COR-L321,1322213,lung,Lung_other,,MSS/MSI-L,R,Suspension
COLO-668,910692,lung_SCLC,lung_small_cell_carcinoma,SCLC,MSS/MSI-L,R,Adherent
COR-L279,910937,lung_SCLC,lung_small_cell_carcinoma,SCLC,MSS/MSI-L,R+10,Suspension
COR-L303,1297438,lung_SCLC,lung_small_cell_carcinoma,SCLC,MSS/MSI-L,R,Suspension
COR-L311,687980,lung_SCLC,lung_small_cell_carcinoma,SCLC,MSS/MSI-L,R,Suspension
COR-L32,1322212,lung_SCLC,lung_small_cell_carcinoma,SCLC,MSS/MSI-L,R,Suspension
COR-L88,906808,lung_SCLC,lung_small_cell_carcinoma,SCLC,MSS/MSI-L,R+10,Adherent
CPC-N,753547,lung_SCLC,lung_small_cell_carcinoma,SCLC,MSS/MSI-L,R+10,Suspension
DMS-114,687983,lung_SCLC,lung_small_cell_carcinoma,SCLC,MSS/MSI-L,D/F12,Adherent
DMS-273,687985,lung_SCLC,lung_small_cell_carcinoma,SCLC,MSS/MSI-L,H,Adherent
DMS-53,907295,lung_SCLC,lung_small_cell_carcinoma,SCLC,MSS/MSI-L,H,Adherent
IST-SL1,753564,lung_SCLC,lung_small_cell_carcinoma,SCLC,MSS/MSI-L,R,Semi-Adherent
IST-SL2,753565,lung_SCLC,lung_small_cell_carcinoma,SCLC,MSS/MSI-L,R,Suspension
LB647-SCLC,753582,lung_SCLC,lung_small_cell_carcinoma,SCLC,MSS/MSI-L,R,Semi-Adherent
LU-134-A,753588,lung_SCLC,lung_small_cell_carcinoma,SCLC,MSS/MSI-L,R,Suspension
LU-135,713899,lung_SCLC,lung_small_cell_carcinoma,SCLC,MSS/MSI-L,R,Suspension
LU-139,713878,lung_SCLC,lung_small_cell_carcinoma,SCLC,MSS/MSI-L,R,Suspension
LU-165,753589,lung_SCLC,lung_small_cell_carcinoma,SCLC,MSS/MSI-L,R,Suspension
MS-1,753594,lung_SCLC,lung_small_cell_carcinoma,SCLC,MSS/MSI-L,R+10,Suspension
NCI-H1048,687995,lung_SCLC,lung_small_cell_carcinoma,SCLC,MSI-H,D/F12,Adherent
NCI-H1092,687997,lung_SCLC,lung_small_cell_carcinoma,SCLC,MSS/MSI-L,D/F12,Suspension
NCI-H1105,908468,lung_SCLC,lung_small_cell_carcinoma,SCLC,MSS/MSI-L,D/F12,Suspension
NCI-H1341,1330964,lung_SCLC,lung_small_cell_carcinoma,SCLC,MSS/MSI-L,D/F12,Suspension
NCI-H1417,688001,lung_SCLC,lung_small_cell_carcinoma,SCLC,MSS/MSI-L,R+10,Suspension
NCI-H1436,908469,lung_SCLC,lung_small_cell_carcinoma,SCLC,MSS/MSI-L,D/F12,Suspension
NCI-H146,910899,lung_SCLC,lung_small_cell_carcinoma,SCLC,MSS/MSI-L,R+10,Suspension
NCI-H1688,1298349,lung_SCLC,lung_small_cell_carcinoma,SCLC,MSS/MSI-L,R,Adherent
NCI-H1694,688006,lung_SCLC,lung_small_cell_carcinoma,SCLC,MSS/MSI-L,H,Suspension
NCI-H1836,1240182,lung_SCLC,lung_small_cell_carcinoma,SCLC,MSS/MSI-L,D/F12,Suspension
NCI-H187,688007,lung_SCLC,lung_small_cell_carcinoma,SCLC,MSS/MSI-L,R+10,Suspension
NCI-H1876,1330972,lung_SCLC,lung_small_cell_carcinoma,SCLC,MSS/MSI-L,H,Adherent
NCI-H196,1240186,lung_SCLC,lung_small_cell_carcinoma,SCLC,MSS/MSI-L,R,Adherent
NCI-H1963,688010,lung_SCLC,lung_small_cell_carcinoma,SCLC,MSS/MSI-L,R,Suspension
NCI-H2029,688011,lung_SCLC,lung_small_cell_carcinoma,SCLC,MSS/MSI-L,D/F12,Adherent
NCI-H2066,1330973,lung_SCLC,lung_small_cell_carcinoma,SCLC,MSS/MSI-L,D/F12,Adherent
NCI-H209,688013,lung_SCLC,lung_small_cell_carcinoma,SCLC,MSS/MSI-L,R+10,Suspension
NCI-H211,1240189,lung_SCLC,lung_small_cell_carcinoma,SCLC,MSS/MSI-L,R+10,Adherent
NCI-H2141,688014,lung_SCLC,lung_small_cell_carcinoma,SCLC,MSS/MSI-L,D/F12,Suspension
NCI-H2196,908481,lung_SCLC,lung_small_cell_carcinoma,SCLC,MSS/MSI-L,R,Adherent
NCI-H2227,688018,lung_SCLC,lung_small_cell_carcinoma,SCLC,MSS/MSI-L,R,Semi-Adherent
NCI-H250,924241,lung_SCLC,lung_small_cell_carcinoma,SCLC,MSS/MSI-L,R+10,Suspension
NCI-H345,688021,lung_SCLC,lung_small_cell_carcinoma,SCLC,MSS/MSI-L,D/F12,Suspension
NCI-H378,688022,lung_SCLC,lung_small_cell_carcinoma,SCLC,MSS/MSI-L,R+10,Suspension
NCI-H446,688023,lung_SCLC,lung_small_cell_carcinoma,SCLC,MSS/MSI-L,R+10,Semi-Adherent
NCI-H510A,753605,lung_SCLC,lung_small_cell_carcinoma,SCLC,MSS/MSI-L,D/F12,Semi-Adherent
NCI-H524,908483,lung_SCLC,lung_small_cell_carcinoma,SCLC,MSS/MSI-L,R+10,Suspension
NCI-H526,688025,lung_SCLC,lung_small_cell_carcinoma,SCLC,MSS/MSI-L,R+10,Suspension
NCI-H64,688026,lung_SCLC,lung_small_cell_carcinoma,SCLC,MSS/MSI-L,R,Suspension
NCI-H69,688027,lung_SCLC,lung_small_cell_carcinoma,SCLC,MSS/MSI-L,R+10,Suspension
NCI-H748,909194,lung_SCLC,lung_small_cell_carcinoma,SCLC,MSS/MSI-L,R+10,Suspension
NCI-H82,688031,lung_SCLC,lung_small_cell_carcinoma,SCLC,MSS/MSI-L,R+10,Suspension
NCI-H841,1240192,lung_SCLC,lung_small_cell_carcinoma,SCLC,MSS/MSI-L,D/F12,Adherent
NCI-H847,1240193,lung_SCLC,lung_small_cell_carcinoma,SCLC,MSS/MSI-L,D/F12,Adherent
SBC-1,713885,lung_SCLC,lung_small_cell_carcinoma,SCLC,MSS/MSI-L,R+10,Suspension
SBC-3,753610,lung_SCLC,lung_small_cell_carcinoma,SCLC,MSS/MSI-L,D/F12,Adherent
SBC-5,713880,lung_SCLC,lung_small_cell_carcinoma,SCLC,MSS/MSI-L,D/F12,Adherent
H2369,1290808,lung,mesothelioma,MESO,MSS/MSI-L,R,Adherent
H2373,1290809,lung,mesothelioma,MESO,MSS/MSI-L,R,Adherent
H2461,1290810,lung,mesothelioma,MESO,MSS/MSI-L,R,Adherent
H2591,1240131,lung,mesothelioma,MESO,MSS/MSI-L,R,Adherent
H2595,1240132,lung,mesothelioma,MESO,MSS/MSI-L,R+10,Adherent
H2722,1290812,lung,mesothelioma,MESO,MSS/MSI-L,R,Adherent
H2731,1240134,lung,mesothelioma,MESO,MSS/MSI-L,R,Adherent
H2795,1290813,lung,mesothelioma,MESO,MSS/MSI-L,R,Adherent
H2803,1240135,lung,mesothelioma,MESO,MSS/MSI-L,R,Adherent
H2804,1240136,lung,mesothelioma,MESO,MSS/MSI-L,R,Adherent
H2810,1240137,lung,mesothelioma,MESO,MSS/MSI-L,R,Adherent
H2818,1290814,lung,mesothelioma,MESO,MSS/MSI-L,R,Adherent
H2869,1240138,lung,mesothelioma,MESO,MSS/MSI-L,R,Adherent
H290,1240139,lung,mesothelioma,MESO,MSS/MSI-L,R,Adherent
H513,1240141,lung,mesothelioma,MESO,MSS/MSI-L,R,Semi-Adherent
IST-MES1,907173,lung,mesothelioma,MESO,MSS/MSI-L,D/F12,Adherent
MPP-89,908150,lung,mesothelioma,MESO,MSS/MSI-L,D/F12,Adherent
MSTO-211H,908152,lung,mesothelioma,MESO,MSS/MSI-L,R+10,Adherent
NCI-H2052,688058,lung,mesothelioma,MESO,MSS/MSI-L,R,Adherent
NCI-H2452,908462,lung,mesothelioma,MESO,MSS/MSI-L,R,Adherent
NCI-H28,908470,lung,mesothelioma,MESO,MSS/MSI-L,R,Adherent
42-MG-BA,687561,nervous_system,glioma,GBM,MSS/MSI-L,R,Adherent
8-MG-BA,687562,nervous_system,glioma,GBM,MSS/MSI-L,D/F12,Adherent
A172,687563,nervous_system,glioma,GBM,MSS/MSI-L,D/F12,Adherent
AM-38,910933,nervous_system,glioma,GBM,MSS/MSI-L,D/F12,Semi-Adherent
Becker,906746,nervous_system,glioma,GBM,MSS/MSI-L,D/F12,Adherent
CAS-1,910943,nervous_system,glioma,GBM,MSS/MSI-L,D/F12,Adherent
CCF-STTG1,906823,nervous_system,glioma,GBM,MSS/MSI-L,R,Adherent
D-247MG,946367,nervous_system,glioma,GBM,MSS/MSI-L,D/F12,Adherent
D-263MG,946368,nervous_system,glioma,GBM,MSS/MSI-L,D/F12,Adherent
D-336MG,946369,nervous_system,glioma,LGG,MSS/MSI-L,D/F12,Adherent
D-392MG,946370,nervous_system,glioma,GBM,MSS/MSI-L,D/F12,Adherent
D-502MG,946373,nervous_system,glioma,LGG,MSS/MSI-L,D/F12,Adherent
D-542MG,753549,nervous_system,glioma,GBM,MSS/MSI-L,D/F12,Adherent
D-566MG,946377,nervous_system,glioma,GBM,MSS/MSI-L,D/F12,Adherent
DBTRG-05MG,906835,nervous_system,glioma,GBM,MSS/MSI-L,R,Adherent
DK-MG,906839,nervous_system,glioma,GBM,MSS/MSI-L,R,Adherent
GAMG,906868,nervous_system,glioma,LGG,MSS/MSI-L,D/F12,Adherent
GB-1,687568,nervous_system,glioma,GBM,MSS/MSI-L,D/F12,Adherent
GI-1,906871,nervous_system,glioma,LGG,MSS/MSI-L,D/F12,Adherent
GMS-10,906873,nervous_system,glioma,GBM,MSS/MSI-L,D/F12,Adherent
H4,907042,nervous_system,glioma,LGG,MSS/MSI-L,D/F12,Adherent
Hs683,1240150,nervous_system,glioma,LGG,MSS/MSI-L,D/F12,Adherent
KALS-1,907271,nervous_system,glioma,LGG,MSS/MSI-L,R,Adherent
KINGS-1,907279,nervous_system,glioma,LGG,MSS/MSI-L,R,Adherent
KNS-42,907282,nervous_system,glioma,LGG,MSS/MSI-L,D/F12,Adherent
KNS-81-FD,924188,nervous_system,glioma,LGG,MSS/MSI-L,D/F12,Adherent
KS-1,907313,nervous_system,glioma,GBM,MSS/MSI-L,D/F12,Adherent
LN-18,1240168,nervous_system,glioma,GBM,MSS/MSI-L,D/F12,Adherent
LN-229,1240169,nervous_system,glioma,GBM,MSS/MSI-L,D/F12,Adherent
LN-405,910694,nervous_system,glioma,GBM,MSS/MSI-L,D/F12,Adherent
LNZTA3WT4,1240170,nervous_system,glioma,GBM,MSS/MSI-L,D/F12,Adherent
M059J,949094,nervous_system,glioma,GBM,MSS/MSI-L,D/F12,Adherent
MOG-G-CCM,908144,nervous_system,glioma,LGG,MSS/MSI-L,D/F12,Adherent
MOG-G-UVW,908145,nervous_system,glioma,LGG,MSS/MSI-L,D/F12,Adherent
NMC-G1,908449,nervous_system,glioma,LGG,MSS/MSI-L,D/F12,Adherent
no-10,908452,nervous_system,glioma,LGG,MSS/MSI-L,D/F12,Adherent
no-11,908450,nervous_system,glioma,LGG,MSS/MSI-L,D/F12,Adherent
SF126,909712,nervous_system,glioma,GBM,MSS/MSI-L,D/F12,Adherent
SF268,905986,nervous_system,glioma,GBM,MSS/MSI-L,R,Adherent
SF295,905985,nervous_system,glioma,GBM,MSS/MSI-L,D/F12,Adherent
SF539,905984,nervous_system,glioma,LGG,MSS/MSI-L,R,Adherent
SK-MG-1,909729,nervous_system,glioma,GBM,MSS/MSI-L,R,Adherent
SNB75,905982,nervous_system,glioma,GBM,MSS/MSI-L,R,Adherent
SW1088,909745,nervous_system,glioma,GBM,MSS/MSI-L,D/F12,Adherent
SW1783,909750,nervous_system,glioma,LGG,MSS/MSI-L,D/F12,Adherent
T98G,687586,nervous_system,glioma,GBM,MSS/MSI-L,D/F12,Adherent
U-118-MG,687588,nervous_system,glioma,GBM,MSS/MSI-L,D/F12,Adherent
U251,905983,nervous_system,glioma,GBM,MSS/MSI-L,D/F12,Adherent
U-87-MG,687590,nervous_system,glioma,GBM,MSS/MSI-L,D/F12,Adherent
YH-13,909905,nervous_system,glioma,GBM,MSS/MSI-L,D/F12,Adherent
YKG-1,687592,nervous_system,glioma,GBM,MSS/MSI-L,D/F12,Adherent
D-283MED,906834,nervous_system,medulloblastoma,MB,MSS/MSI-L,D/F12,Adherent
Daoy,906833,nervous_system,medulloblastoma,MB,MSS/MSI-L,D/F12,Adherent
ONS-76,909248,nervous_system,medulloblastoma,MB,MSS/MSI-L,R,Adherent
PFSK-1,683667,nervous_system,medulloblastoma,MB,MSS/MSI-L,R,Adherent
BE2-M17,753616,neuroblastoma,neuroblastoma,NB,MSS/MSI-L,D/F12,Adherent
CHP-126,910567,neuroblastoma,neuroblastoma,NB,MSS/MSI-L,R,Suspension
CHP-134,910941,neuroblastoma,neuroblastoma,NB,MSS/MSI-L,R,Suspension
CHP-212,906820,neuroblastoma,neuroblastoma,NB,MSS/MSI-L,D/F12,Adherent
GI-ME-N,906872,neuroblastoma,neuroblastoma,NB,MSS/MSI-L,R,Adherent
GOTO,906875,neuroblastoma,neuroblastoma,NB,MSS/MSI-L,R,Adherent
IMR-5,907170,neuroblastoma,neuroblastoma,NB,MSS/MSI-L,R,Adherent
KELLY,753618,neuroblastoma,neuroblastoma,NB,MSS/MSI-L,R,Adherent
KP-N-YN,907314,neuroblastoma,neuroblastoma,NB,MSS/MSI-L,R,Adherent
LAN-6,949170,neuroblastoma,neuroblastoma,NB,MSS/MSI-L,R,Adherent
MHH-NB-11,908135,neuroblastoma,neuroblastoma,NB,MSS/MSI-L,R,Adherent
NB(TU)1-10,1240181,neuroblastoma,neuroblastoma,NB,MSS/MSI-L,R,Adherent
NB1,949179,neuroblastoma,neuroblastoma,NB,MSS/MSI-L,R,Semi-Adherent
NB10,949171,neuroblastoma,neuroblastoma,NB,MSS/MSI-L,D/F12,Adherent
NB12,949172,neuroblastoma,neuroblastoma,NB,MSS/MSI-L,D/F12,Adherent
NB13,949177,neuroblastoma,neuroblastoma,NB,MSS/MSI-L,D/F12,Adherent
NB14,949178,neuroblastoma,neuroblastoma,NB,MSS/MSI-L,D/F12,Adherent
NB17,949175,neuroblastoma,neuroblastoma,NB,MSS/MSI-L,D/F12,Adherent
NB5,949176,neuroblastoma,neuroblastoma,NB,MSS/MSI-L,D/F12,Adherent
NB6,949173,neuroblastoma,neuroblastoma,NB,MSS/MSI-L,D/F12,Adherent
NB69,908440,neuroblastoma,neuroblastoma,NB,MSS/MSI-L,D/F12,Adherent
NB7,949174,neuroblastoma,neuroblastoma,NB,MSS/MSI-L,D/F12,Adherent
NH-12,908447,neuroblastoma,neuroblastoma,NB,MSS/MSI-L,D/F12,Adherent
SIMA,753620,neuroblastoma,neuroblastoma,NB,MSS/MSI-L,R,Adherent
SK-N-AS,724828,neuroblastoma,neuroblastoma,NB,MSS/MSI-L,D/F12,Adherent
SK-N-DZ,688086,neuroblastoma,neuroblastoma,NB,MSS/MSI-L,D/F12,Adherent
SK-N-FI,688087,neuroblastoma,neuroblastoma,NB,MSS/MSI-L,D/F12,Adherent
SK-N-SH,717431,neuroblastoma,neuroblastoma,NB,MSS/MSI-L,D/F12,Adherent
TGW,910780,neuroblastoma,neuroblastoma,NB,MSS/MSI-L,D/F12,Adherent
AsPC-1,910702,pancreas,pancreas,PAAD,MSS/MSI-L,R,Adherent
BxPC-3,906693,pancreas,pancreas,PAAD,MSS/MSI-L,R,Adherent
CAPAN-1,753624,pancreas,pancreas,PAAD,MSS/MSI-L,D/F12,Adherent
Capan-2,910915,pancreas,pancreas,PAAD,MSS/MSI-L,R,Adherent
CFPAC-1,906821,pancreas,pancreas,PAAD,MSS/MSI-L,R,Adherent
DAN-G,1290797,pancreas,pancreas,PAAD,MSS/MSI-L,R,Adherent
HPAC,1298136,pancreas,pancreas,PAAD,MSS/MSI-L,D/F12,Adherent
HPAF-II,724869,pancreas,pancreas,PAAD,MSS/MSI-L,D/F12,Adherent
Hs766T,1298141,pancreas,pancreas,PAAD,MSS/MSI-L,D/F12,Adherent
HuP-T3,907285,pancreas,pancreas,PAAD,MSS/MSI-L,R,Adherent
HuP-T4,907286,pancreas,pancreas,PAAD,MSS/MSI-L,D/F12,Adherent
KP-1N,1298216,pancreas,pancreas,PAAD,MSS/MSI-L,R,Adherent
KP-3,1298219,pancreas,pancreas,,MSS/MSI-L,R,Adherent
KP-4,753572,pancreas,pancreas,PAAD,MSS/MSI-L,D/F12,Adherent
MIA-PaCa-2,724870,pancreas,pancreas,PAAD,MSS/MSI-L,D/F12,Adherent
MZ1-PC,753595,pancreas,pancreas,PAAD,MSS/MSI-L,R,Adherent
PANC-02-03,1298475,pancreas,pancreas,PAAD,MSS/MSI-L,R,Adherent
PANC-03-27,925346,pancreas,pancreas,PAAD,MSS/MSI-L,R,Adherent
PANC-04-03,1298476,pancreas,pancreas,PAAD,MSS/MSI-L,R,Adherent
PANC-08-13,925347,pancreas,pancreas,PAAD,MSS/MSI-L,R,Adherent
PANC-10-05,925348,pancreas,pancreas,PAAD,MSS/MSI-L,R,Adherent
PA-TU-8902,1298526,pancreas,pancreas,PAAD,MSS/MSI-L,D/F12,Adherent
PA-TU-8988T,1240201,pancreas,pancreas,PAAD,MSS/MSI-L,D/F12,Adherent
PL18,1240208,pancreas,pancreas,PAAD,MSS/MSI-L,D/F12,Adherent
PL4,1298533,pancreas,pancreas,PAAD,MSS/MSI-L,D/F12,Adherent
PSN1,910546,pancreas,pancreas,PAAD,MSS/MSI-L,R,Adherent
QGP-1,1298534,pancreas,pancreas,,MSS/MSI-L,R,Adherent
SU8686,1240218,pancreas,pancreas,PAAD,MSS/MSI-L,R,Adherent
SUIT-2,1240219,pancreas,pancreas,PAAD,MSS/MSI-L,R,Adherent
SW1990,910907,pancreas,pancreas,PAAD,MSS/MSI-L,D/F12,Adherent
YAPC,909904,pancreas,pancreas,PAAD,MSS/MSI-L,R,Adherent
451Lu,1287706,skin,melanoma,SKCM,MSS/MSI-L,D/F12,Adherent
A101D,910921,skin,melanoma,SKCM,MSS/MSI-L,D/F12,Adherent
A2058,906792,skin,melanoma,SKCM,MSS/MSI-L,D/F12,Adherent
A375,906793,skin,melanoma,SKCM,MSS/MSI-L,D/F12,Adherent
C32,906830,skin,melanoma,SKCM,MSS/MSI-L,D/F12,Adherent
CHL-1,910853,skin,melanoma,SKCM,MSS/MSI-L,D/F12,Adherent
COLO-679,906818,skin,melanoma,SKCM,MSS/MSI-L,R,Adherent
COLO-792,906814,skin,melanoma,SKCM,MSS/MSI-L,R,Adherent
COLO-800,906813,skin,melanoma,SKCM,MSS/MSI-L,R,Adherent
COLO-829,687448,skin,melanoma,SKCM,MSS/MSI-L,R,Adherent
CP50-MEL-B,753545,skin,melanoma,SKCM,MSS/MSI-L,D/F12,Adherent
CP66-MEL,753546,skin,melanoma,SKCM,MSS/MSI-L,D/F12,Adherent
G-361,906865,skin,melanoma,SKCM,MSS/MSI-L,R,Adherent
GAK,910932,skin,melanoma,SKCM,MSS/MSI-L,D/F12,Adherent
G-MEL,1240130,skin,melanoma,SKCM,MSS/MSI-L,D/F12,Adherent
HMV-II,907058,skin,melanoma,SKCM,MSS/MSI-L,R,Adherent
Hs940-T,1298145,skin,melanoma,SKCM,MSS/MSI-L,D/F12,Adherent
HT-144,907067,skin,melanoma,SKCM,MSS/MSI-L,R,Adherent
IGR-1,907169,skin,melanoma,SKCM,MSS/MSI-L,D/F12,Adherent
IGR-37,1240153,skin,melanoma,SKCM,MSS/MSI-L,D/F12,Adherent
IPC-298,907171,skin,melanoma,SKCM,MSS/MSI-L,R,Adherent
IST-MEL1,907172,skin,melanoma,SKCM,MSS/MSI-L,R,Adherent
LB2518-MEL,753579,skin,melanoma,SKCM,MSS/MSI-L,D/F12,Adherent
LB373-MEL-D,753581,skin,melanoma,SKCM,MSS/MSI-L,D/F12,Adherent
LOXIMVI,905974,skin,melanoma,SKCM,MSS/MSI-L,R,Semi-Adherent
M14,905975,skin,melanoma,SKCM,MSS/MSI-L,R,Adherent
MEL-HO,908124,skin,melanoma,SKCM,MSS/MSI-L,R,Adherent
MEL-JUSO,908125,skin,melanoma,SKCM,MSS/MSI-L,R,Adherent
Mewo,908128,skin,melanoma,SKCM,MSS/MSI-L,R,Adherent
MMAC-SF,925339,skin,melanoma,SKCM,MSS/MSI-L,D/F12,Adherent
MZ2-MEL,971777,skin,melanoma,SKCM,MSS/MSI-L,D/F12,Adherent
MZ7-mel,753596,skin,melanoma,SKCM,MSS/MSI-L,R,Adherent
RPMI-7951,910903,skin,melanoma,SKCM,MSS/MSI-L,D/F12,Adherent
RVH-421,909706,skin,melanoma,SKCM,MSS/MSI-L,R,Adherent
SH-4,909713,skin,melanoma,SKCM,MSS/MSI-L,D/F12,Adherent
SK-MEL-1,909723,skin,melanoma,SKCM,MSS/MSI-L,D/F12,Suspension
SK-MEL-2,905955,skin,melanoma,SKCM,MSI-H,R,Adherent
SK-MEL-24,909725,skin,melanoma,SKCM,MSS/MSI-L,D/F12,Adherent
SK-MEL-28,905954,skin,melanoma,SKCM,MSS/MSI-L,D/F12,Adherent
SK-MEL-3,909724,skin,melanoma,SKCM,MSS/MSI-L,R,Adherent
SK-MEL-30,909726,skin,melanoma,SKCM,MSS/MSI-L,R,Adherent
SK-MEL-31,909727,skin,melanoma,SKCM,MSS/MSI-L,D/F12,Adherent
SK-MEL-5,905956,skin,melanoma,SKCM,MSS/MSI-L,D/F12,Adherent
UACC-257,905977,skin,melanoma,SKCM,MSS/MSI-L,R,Adherent
UACC-62,905976,skin,melanoma,SKCM,MSS/MSI-L,D/F12,Adherent
WM-115,909784,skin,melanoma,SKCM,MSS/MSI-L,D/F12,Adherent
WM1552C,1299078,skin,melanoma,SKCM,MSS/MSI-L,R,Adherent
WM278,1240226,skin,melanoma,SKCM,MSS/MSI-L,R,Adherent
WM35,1299080,skin,melanoma,SKCM,MSS/MSI-L,R,Adherent
WM793B,1299081,skin,melanoma,SKCM,MSS/MSI-L,R,Adherent
A388,910697,skin,skin_other,,MSS/MSI-L,D/F12,Adherent
A431,910925,skin,skin_other,,MSS/MSI-L,D/F12,Adherent
DJM-1,906841,skin,skin_other,,MSS/MSI-L,D/F12,Adherent
HT-1080,907064,soft_tissue,fibrosarcoma,,MSS/MSI-L,D/F12,Adherent
SW684,909754,soft_tissue,fibrosarcoma,,MSS/MSI-L,D/F12,Adherent
A204,910784,soft_tissue,rhabdomyosarcoma,,MSS/MSI-L,R,Adherent
A673,684052,soft_tissue,rhabdomyosarcoma,,MSS/MSI-L,D/F12,Adherent
KYM-1,1240166,soft_tissue,rhabdomyosarcoma,,MSS/MSI-L,D/F12,Adherent
RD,909264,soft_tissue,rhabdomyosarcoma,,MSS/MSI-L,D/F12,Adherent
RH-1,971773,soft_tissue,rhabdomyosarcoma,,MSS/MSI-L,R,Adherent
RH-18,971774,soft_tissue,rhabdomyosarcoma,,MSS/MSI-L,R,Adherent
RH-41,1240210,soft_tissue,rhabdomyosarcoma,,MSS/MSI-L,R,Adherent
SJRH30,909716,soft_tissue,rhabdomyosarcoma,,MSS/MSI-L,R,Adherent
TE-441-T,924248,soft_tissue,rhabdomyosarcoma,,MSS/MSI-L,D/F12,Adherent
G-402,907298,soft_tissue,soft_tissue_other,,MSS/MSI-L,R,Adherent
GCT,906999,soft_tissue,soft_tissue_other,,MSS/MSI-L,R,Adherent
MFH-ino,925343,soft_tissue,soft_tissue_other,,MSS/MSI-L,D/F12,Adherent
SK-LMS-1,909720,soft_tissue,soft_tissue_other,,MSS/MSI-L,D/F12,Adherent
SK-UT-1,909732,soft_tissue,soft_tissue_other,,MSI-H,D/F12,Adherent
SW872,909756,soft_tissue,soft_tissue_other,,MSS/MSI-L,D/F12,Adherent
SW982,909759,soft_tissue,soft_tissue_other,,MSS/MSI-L,D/F12,Adherent
VA-ES-BJ,688121,soft_tissue,soft_tissue_other,,MSS/MSI-L,D/F12,Adherent
8305C,906795,thyroid,thyroid,THCA,MSS/MSI-L,R,Adherent
8505C,924102,thyroid,thyroid,THCA,MSS/MSI-L,R,Adherent
ASH-3,1290722,thyroid,thyroid,THCA,MSS/MSI-L,D/F12,Adherent
BCPAP,924104,thyroid,thyroid,THCA,MSS/MSI-L,R,Adherent
BHT-101,906696,thyroid,thyroid,THCA,MSS/MSI-L,D/F12,Adherent
CAL-62,906828,thyroid,thyroid,THCA,MSS/MSI-L,D/F12,Adherent
CGTH-W-1,910568,thyroid,thyroid,THCA,MSS/MSI-L,R,Adherent
FTC-133,906864,thyroid,thyroid,THCA,MSS/MSI-L,D/F12,Adherent
HTC-C3,924151,thyroid,thyroid,THCA,MSS/MSI-L,D/F12,Adherent
IHH-4,1240154,thyroid,thyroid,THCA,MSS/MSI-L,D/F12,Semi-Adherent
K5,924238,thyroid,thyroid,THCA,MSS/MSI-L,D/F12,Adherent
ML-1,1240178,thyroid,thyroid,THCA,MSS/MSI-L,D/F12,Adherent
RO82-W-1,930083,thyroid,thyroid,THCA,MSS/MSI-L,D/F12,Adherent
TT,930299,thyroid,thyroid,THCA,MSS/MSI-L,D/F12,Adherent
TT2609-C02,1240223,thyroid,thyroid,THCA,MSS/MSI-L,R,Adherent
5637,687452,urogenital_system,Bladder,BLCA,MSS/MSI-L,R,Adherent
639-V,906798,urogenital_system,Bladder,BLCA,MSS/MSI-L,D/F12,Adherent
647-V,906797,urogenital_system,Bladder,BLCA,MSS/MSI-L,D/F12,Adherent
BFTC-905,910926,urogenital_system,Bladder,BLCA,MSS/MSI-L,D/F12,Adherent
CAL-29,1290730,urogenital_system,Bladder,BLCA,MSS/MSI-L,D/F12,Adherent
DSH1,753552,urogenital_system,Bladder,BLCA,MSS/MSI-L,R,Adherent
HT-1197,907065,urogenital_system,Bladder,BLCA,MSS/MSI-L,D/F12,Adherent
HT-1376,907066,urogenital_system,Bladder,BLCA,MSS/MSI-L,D/F12,Adherent
J82,753566,urogenital_system,Bladder,BLCA,MSS/MSI-L,D/F12,Adherent
KU-19-19,907312,urogenital_system,Bladder,BLCA,MSS/MSI-L,R,Adherent
LB831-BLC,753584,urogenital_system,Bladder,BLCA,MSS/MSI-L,D/F12,Adherent
RT-112,909704,urogenital_system,Bladder,BLCA,MSS/MSI-L,R,Adherent
RT4,687455,urogenital_system,Bladder,BLCA,MSS/MSI-L,D/F12,Adherent
SW1710,909749,urogenital_system,Bladder,BLCA,MSS/MSI-L,D/F12,Adherent
SW780,687457,urogenital_system,Bladder,BLCA,MSS/MSI-L,D/F12,Adherent
T-24,724812,urogenital_system,Bladder,BLCA,MSS/MSI-L,D/F12,Adherent
TCCSUP,687459,urogenital_system,Bladder,BLCA,MSS/MSI-L,D/F12,Adherent
UM-UC-3,724838,urogenital_system,Bladder,BLCA,MSS/MSI-L,D/F12,Adherent
VM-CUB-1,909780,urogenital_system,Bladder,BLCA,MSS/MSI-L,D/F12,Adherent
C-33-A,687505,urogenital_system,cervix,CESC,MSI-H,D/F12,Adherent
C-4-I,687506,urogenital_system,cervix,CESC,MSS/MSI-L,D/F12,Adherent
CAL-39,924107,urogenital_system,cervix,CESC,MSS/MSI-L,D/F12,Adherent
Ca-Ski,906824,urogenital_system,cervix,CESC,MSS/MSI-L,R,Adherent
DoTc2-4510,906843,urogenital_system,cervix,CESC,MSS/MSI-L,D/F12,Adherent
HeLa,1298134,urogenital_system,cervix,CESC,MSS/MSI-L,D/F12,Adherent
HT-3,907068,urogenital_system,cervix,CESC,MSS/MSI-L,R,Adherent
ME-180,687514,urogenital_system,cervix,CESC,MSS/MSI-L,D/F12,Adherent
MS751,1240179,urogenital_system,cervix,CESC,MSS/MSI-L,D/F12,Adherent
SiHa,930297,urogenital_system,cervix,CESC,MSS/MSI-L,D/F12,Adherent
SISO,1240212,urogenital_system,cervix,CESC,MSS/MSI-L,R,Adherent
SKG-IIIa,930298,urogenital_system,cervix,CESC,MSS/MSI-L,D/F12,Adherent
SW756,724839,urogenital_system,cervix,CESC,MSS/MSI-L,D/F12,Adherent
TC-YIK,946357,urogenital_system,cervix,,MSS/MSI-L,R,Suspension
AN3-CA,910781,urogenital_system,endometrium,UCEC,MSI-H,D/F12,Adherent
COLO-684,910691,urogenital_system,endometrium,UCEC,MSI-H,R,Suspension
EN,1240127,urogenital_system,endometrium,UCEC,MSS/MSI-L,R,Adherent
ESS-1,907000,urogenital_system,endometrium,,MSS/MSI-L,R,Adherent
HEC-1,907051,urogenital_system,endometrium,UCEC,MSI-H,D/F12,Adherent
KLE,924187,urogenital_system,endometrium,UCEC,MSS/MSI-L,D/F12,Adherent
MFE-280,908129,urogenital_system,endometrium,UCEC,MSS/MSI-L,D/F12,Adherent
MFE-296,908130,urogenital_system,endometrium,UCEC,MSI-H,D/F12,Adherent
MFE-319,1240174,urogenital_system,endometrium,UCEC,MSI-H,D/F12,Adherent
SNG-M,909735,urogenital_system,endometrium,UCEC,MSI-H,D/F12,Adherent
A2780,906804,urogenital_system,ovary,,MSS/MSI-L,R,Semi-Adherent
Caov-4,949090,urogenital_system,ovary,OV,MSS/MSI-L,D/F12,Adherent
EFO-21,911905,urogenital_system,ovary,OV,MSS/MSI-L,R,Adherent
EFO-27,906852,urogenital_system,ovary,,MSI-H,R,Adherent
ES-2,1240128,urogenital_system,ovary,,MSS/MSI-L,R,Adherent
FU-OV-1,1240129,urogenital_system,ovary,OV,MSS/MSI-L,D/F12,Adherent
IGROV-1,905968,urogenital_system,ovary,OV,MSI-H,R,Adherent
JHOS-2,1479995,urogenital_system,ovary,OV,MSS/MSI-L,D/F12,Adherent
JHOS-3,1480358,urogenital_system,ovary,OV,MSS/MSI-L,D/F12,Adherent
JHOS-4,1480359,urogenital_system,ovary,OV,MSS/MSI-L,D/F12,Adherent
KGN,924186,urogenital_system,ovary,,MSS/MSI-L,D/F12,Adherent
KURAMOCHI,909975,urogenital_system,ovary,,MSS/MSI-L,R,Adherent
OAW-28,946360,urogenital_system,ovary,OV,MSS/MSI-L,D/F12,Adherent
OAW-42,910548,urogenital_system,ovary,OV,MSS/MSI-L,D/F12,Adherent
OC-314,909257,urogenital_system,ovary,OV,MSI-H,R,Adherent
OV-17R,1480361,urogenital_system,ovary,OV,MSS/MSI-L,D/F12,Adherent
OV-56,1480362,urogenital_system,ovary,OV,MSS/MSI-L,D/F12,Adherent
OV-7,1480360,urogenital_system,ovary,OV,MSS/MSI-L,D/F12,Adherent
OV-90,1240197,urogenital_system,ovary,OV,MSS/MSI-L,D/F12,Adherent
OVCA420,1480364,urogenital_system,ovary,OV,MSS/MSI-L,D/F12,Adherent
OVCAR-3,905933,urogenital_system,ovary,OV,MSS/MSI-L,R,Adherent
OVCAR-4,905990,urogenital_system,ovary,OV,MSS/MSI-L,R,Adherent
OVCAR-5,905969,urogenital_system,ovary,OV,MSS/MSI-L,R,Adherent
OVCAR-8,905991,urogenital_system,ovary,OV,MSS/MSI-L,R,Adherent
OVISE,1240198,urogenital_system,ovary,OV,MSS/MSI-L,R,Adherent
OVK-18,1480371,urogenital_system,ovary,OV,MSI-H,D/F12,Adherent
OVKATE,1240199,urogenital_system,ovary,OV,MSS/MSI-L,R,Adherent
OVMIU,1240200,urogenital_system,ovary,OV,MSS/MSI-L,R,Adherent
OVTOKO,1298365,urogenital_system,ovary,OV,MSS/MSI-L,R,Adherent
PA-1,909255,urogenital_system,ovary,,MSS/MSI-L,D/F12,Adherent
PEO1,1480372,urogenital_system,ovary,OV,MSS/MSI-L,R,Adherent
RKN,1298539,urogenital_system,ovary,,MSS/MSI-L,D/F12,Adherent
RMG-I,909699,urogenital_system,ovary,,MSS/MSI-L,D/F12,Adherent
SK-OV-3,905959,urogenital_system,ovary,OV,MSI-H,R,Adherent
SW626,909753,urogenital_system,ovary,OV,MSS/MSI-L,D/F12,Adherent
TOV-112D,1299070,urogenital_system,ovary,OV,MSS/MSI-L,D/F12,Adherent
TOV-21G,1240222,urogenital_system,ovary,OV,MSI-H,D/F12,Adherent
TYK-nu,909774,urogenital_system,ovary,,MSS/MSI-L,D/F12,Adherent
UWB1.289,1480374,urogenital_system,ovary,OV,MSS/MSI-L,D/F12,Adherent
22RV1,924100,urogenital_system,prostate,PRAD,MSI-H,R,Adherent
BPH-1,924105,urogenital_system,prostate,,MSS/MSI-L,R,Adherent
DU-145,905935,urogenital_system,prostate,PRAD,MSI-H,D/F12,Adherent
LNCaP-Clone-FGC,907788,urogenital_system,prostate,PRAD,MSI-H,R,Adherent
PC-3,905934,urogenital_system,prostate,PRAD,MSS/MSI-L,D/F12,Adherent
PWR-1E,1330993,urogenital_system,prostate,PRAD,MSS/MSI-L,D/F12,Adherent
VCaP,1299075,urogenital_system,prostate,PRAD,MSS/MSI-L,D/F12,Adherent
NCCIT,908441,urogenital_system,testis,,MSS/MSI-L,R,Adherent
NEC8,910942,urogenital_system,testis,,MSS/MSI-L,R,Adherent
NTERA-2 cl.D1,908454,urogenital_system,testis,,MSS/MSI-L,D/F12,Adherent
JAR,907175,urogenital_system,urogenital_system_other,,MSS/MSI-L,R,Adherent
JEG-3,907176,urogenital_system,urogenital_system_other,,MSS/MSI-L,D/F12,Adherent
SW954,924247,urogenital_system,urogenital_system_other,,MSS/MSI-L,D/F12,Adherent
SW962,909758,urogenital_system,urogenital_system_other,,MSS/MSI-L,D/F12,Adherent
MES-SA,908127,urogenital_system,uterus,,MSS/MSI-L,R,Adherent
SKN,1240215,urogenital_system,uterus,,MSS/MSI-L,D/F12,Adherent
DMS-79,753551,lung_SCLC,lung_small_cell_carcinoma,SCLC,,R+10,Suspension
CMK,910566,leukemia,acute_myeloid_leukaemia,LAML,MSS/MSI-L,R,Suspension
NB-4,1323913,leukemia,acute_myeloid_leukaemia,LAML,MSS/MSI-L,R,Suspension
MHH-CALL-4,908133,leukemia,B_cell_leukemia,,MSS/MSI-L,R,Suspension
BC-3,910918,lymphoma,B_cell_lymphoma,DLBC,MSS/MSI-L,R,Suspension
HT,907063,lymphoma,B_cell_lymphoma,DLBC,MSI-H,R,Suspension
JM1,1327768,lymphoma,B_cell_lymphoma,DLBC,MSS/MSI-L,D/F12,Suspension
BONNA-12,906695,leukemia,hairy_cell_leukaemia,,MSS/MSI-L,R,Suspension
ES6,949157,bone,ewings_sarcoma,,MSS/MSI-L,R,Adherent
MHH-ES-1,908134,bone,ewings_sarcoma,,MSS/MSI-L,R,Adherent
DIFI,1789883,large_intestine,large_intestine,COAD/READ,MSS/MSI-L,D/F12,Adherent
NCI-H508,908442,large_intestine,large_intestine,COAD/READ,MSS/MSI-L,R,Semi-Adherent
SNU-283,1659929,large_intestine,large_intestine,COAD/READ,MSS/MSI-L,R,Adherent
SW620,905962,large_intestine,large_intestine,COAD/READ,MSS/MSI-L,D/F12,Adherent
JHH-2,1240157,digestive_system,liver,LIHC,MSS/MSI-L,D/F12,Adherent
JHH-4,1240158,digestive_system,liver,LIHC,MSS/MSI-L,D/F12,Adherent
RCC-JF,1524415,kidney,kidney,KIRC,MSS/MSI-L,D/F12,Adherent
SW156,1240220,kidney,kidney,KIRC,MSS/MSI-L,D/F12,Adherent
HOP-62,905972,lung_NSCLC,lung_NSCLC_adenocarcinoma,LUAD,MSS/MSI-L,R,Adherent
NCI-H1437,687794,lung_NSCLC,lung_NSCLC_adenocarcinoma,LUAD,MSS/MSI-L,R,Adherent
PC-3 [JPC-3],1240202,lung_NSCLC,lung_NSCLC_adenocarcinoma,LUAD,MSS/MSI-L,D/F12,Adherent
NCI-H740,1331055,lung_SCLC,lung_small_cell_carcinoma,SCLC,MSS/MSI-L,R,Suspension
COR-L95,1297439,lung_SCLC,lung_small_cell_carcinoma,SCLC,MSS/MSI-L,R+10,Adherent
HCC-33,1303901,lung_SCLC,lung_small_cell_carcinoma,SCLC,MSS/MSI-L,R,Adherent
NCI-H128,753597,lung_SCLC,lung_small_cell_carcinoma,SCLC,MSS/MSI-L,R+10,Suspension
NCI-H1304,753599,lung_SCLC,lung_small_cell_carcinoma,SCLC,MSS/MSI-L,D/F12,Suspension
NCI-H2081,908480,lung_SCLC,lung_small_cell_carcinoma,SCLC,MSS/MSI-L,H,Suspension
NCI-H2171,688015,lung_SCLC,lung_small_cell_carcinoma,SCLC,MSS/MSI-L,H,Suspension
SHP-77,724872,lung_SCLC,lung_small_cell_carcinoma,SCLC,MSS/MSI-L,R,Semi-Adherent
SW1271,1299062,lung_SCLC,lung_small_cell_carcinoma,SCLC,MSS/MSI-L,D/F12,Adherent
D-423MG,946372,nervous_system,glioma,GBM,MSS/MSI-L,D/F12,Adherent
KP-N-RT-BM-1,924189,neuroblastoma,neuroblastoma,NB,MSS/MSI-L,R,Semi-Adherent
KP-N-YS,946363,neuroblastoma,neuroblastoma,NB,MSS/MSI-L,R,Adherent
MC-IXC,908118,neuroblastoma,neuroblastoma,NB,MSS/MSI-L,D/F12,Adherent
COLO-783,1240125,skin,melanoma,SKCM,MSS/MSI-L,R,Adherent
CP67-MEL,949092,skin,melanoma,SKCM,MSS/MSI-L,D/F12,Adherent
Hs633T,1240149,soft_tissue,fibrosarcoma,,MSS/MSI-L,D/F12,Adherent
KMH-2,1298167,thyroid,thyroid,THCA,MSS/MSI-L,R,Adherent
OMC-1,949154,urogenital_system,cervix,CESC,MSS/MSI-L,D/F12,Adherent
RL95-2,930082,urogenital_system,endometrium,,MSI-H,D/F12,Adherent
Caov-3,906825,urogenital_system,ovary,OV,MSS/MSI-L,D/F12,Adherent
DOV13,1479987,urogenital_system,ovary,OV,MSS/MSI-L,D/F12,Adherent
Hey,1479988,urogenital_system,ovary,OV,MSS/MSI-L,R,Adherent
NCI-H660,1330975,urogenital_system,prostate,,MSS/MSI-L,D/F12,Suspension
JHU-029,1298156,aero_dig_tract,head and neck,HNSC,,R,Adherent
SCC90,1299052,aero_dig_tract,head and neck,HNSC,,R,Adherent
MOLM-16,1330948,leukemia,acute_myeloid_leukaemia,LAML,,R,Suspension
OCI-LY7,1659819,lymphoma,B_cell_lymphoma,DLBC,,D/F12,Suspension
KMS-11,1659817,myeloma,myeloma,MM,,R,Suspension
CHSA0011,1290767,bone,chondrosarcoma,,,R+10,Adherent
CHSA0108,1290768,bone,chondrosarcoma,,,R+10,Adherent
JIMT-1,1298157,breast,breast,BRCA,,D/F12,Adherent
CL-34,1290771,large_intestine,large_intestine,COAD/READ,,D/F12,Adherent
VMRC-LCD,713869,lung_NSCLC,lung_NSCLC_adenocarcinoma,LUAD,,D/F12,Adherent
K2,1298160,skin,melanoma,SKCM,,D/F12,Adherent
STS-0421,1299061,soft_tissue,soft_tissue_other,,,R+10,Adherent
MY-M12,1330960,leukemia,leukemia,ALL,MSS/MSI-L,R,Suspension
TALL-1,909762,leukemia,lymphoblastic_T_cell_leukaemia,ALL,MSS/MSI-L,R,Suspension
NK-92MI,1330981,lymphoma,lymphoid_neoplasm other,,MSS/MSI-L,D/F12,Suspension
MDA-MB-175-VII,908120,breast,breast,BRCA,MSS/MSI-L,D/F12,Adherent
YMB-1-E,1303911,breast,breast,BRCA,MSS/MSI-L,R,Adherent
VMRC-RCW,1240224,kidney,kidney,KIRC,MSS/MSI-L,R,Adherent
NCI-H460,905943,lung_NSCLC,lung_NSCLC_large cell,,MSS/MSI-L,R,Adherent
RERF-LC-FM,930081,lung_SCLC,lung_small_cell_carcinoma,SCLC,MSS/MSI-L,R,Suspension
D-245MG,946366,nervous_system,glioma,GBM,MSS/MSI-L,D/F12,Adherent
Hs939-T,1298144,skin,melanoma,SKCM,MSS/MSI-L,D/F12,Adherent
VMRC-MELG,930301,skin,melanoma,SKCM,MSS/MSI-L,D/F12,Adherent
OVCA433,1480367,urogenital_system,ovary,OV,MSS/MSI-L,D/F12,Adherent
TMK-1,1299069,digestive_system,stomach,STAD,,R,Adherent
KP-2,1298218,pancreas,pancreas,PAAD,,D/F12,Adherent
KO52,1330932,leukemia,acute_myeloid_leukaemia,LAML,MSS/MSI-L,NA,NA
SC-1,1331030,lymphoma,B_cell_lymphoma,DLBC,MSS/MSI-L,NA,NA
U-CH2,1503373,bone,bone_other,,MSS/MSI-L,D/F12,Adherent